epoch,timestamp,index,name,power_w,gpu_util_pct,mem_util_pct,mem_used_mib,clock_graphics_mhz,clock_mem_mhz,temp_c,pcie_gen,pcie_width
1791022317.911357151,2026/10/03 19:11:57.948, 0, NVIDIA GeForce RTX 5070 Ti, 6.80, 0, 0, 2, 195, 405, 30, 1, 8
1791022317.911357151,2026/10/03 19:11:57.953, 1, NVIDIA GeForce RTX 5070 Ti, 7.58, 0, 0, 234, 195, 405, 28, 1, 4
1791022317.911357151,2026/10/03 19:11:57.957, 2, NVIDIA GeForce RTX 5070 Ti, 15.68, 0, 0, 2, 195, 405, 32, 1, 8
1791022317.911357151,2026/10/03 19:11:57.969, 3, NVIDIA GeForce RTX 5060 Ti, 11.85, 10, 0, 2, 7, 15251, 28, 5, 4
1791022318.987816101,2026/10/03 19:11:59.019, 0, NVIDIA GeForce RTX 5070 Ti, 14.90, 28, 1, 4960, 2310, 15051, 31, 5, 8
1791022318.987816101,2026/10/03 19:11:59.022, 1, NVIDIA GeForce RTX 5070 Ti, 7.65, 0, 0, 234, 195, 405, 28, 1, 4
1791022318.987816101,2026/10/03 19:11:59.026, 2, NVIDIA GeForce RTX 5070 Ti, 16.12, 0, 0, 2, 195, 405, 32, 1, 8
1791022318.987816101,2026/10/03 19:11:59.033, 3, NVIDIA GeForce RTX 5060 Ti, 17.77, 0, 0, 174, 2467, 15051, 28, 5, 4
1791022320.045325448,2026/10/03 19:12:00.080, 0, NVIDIA GeForce RTX 5070 Ti, 37.38, 0, 0, 5806, 2310, 15051, 31, 5, 8
1791022320.045325448,2026/10/03 19:12:00.082, 1, NVIDIA GeForce RTX 5070 Ti, 7.70, 0, 0, 234, 195, 405, 28, 1, 4
1791022320.045325448,2026/10/03 19:12:00.087, 2, NVIDIA GeForce RTX 5070 Ti, 16.30, 0, 0, 2, 195, 405, 32, 1, 8
1791022320.045325448,2026/10/03 19:12:00.099, 3, NVIDIA GeForce RTX 5060 Ti, 17.79, 0, 0, 180, 2550, 15051, 29, 5, 4
1791022321.116017575,2026/10/03 19:12:01.151, 0, NVIDIA GeForce RTX 5070 Ti, 37.02, 0, 0, 5806, 2310, 15051, 32, 5, 8
1791022321.116017575,2026/10/03 19:12:01.154, 1, NVIDIA GeForce RTX 5070 Ti, 7.70, 0, 0, 234, 195, 405, 28, 1, 4
1791022321.116017575,2026/10/03 19:12:01.158, 2, NVIDIA GeForce RTX 5070 Ti, 15.91, 0, 1, 2, 195, 405, 32, 1, 8
1791022321.116017575,2026/10/03 19:12:01.173, 3, NVIDIA GeForce RTX 5060 Ti, 17.52, 0, 0, 180, 2550, 15051, 29, 5, 4
1791022322.189563788,2026/10/03 19:12:02.224, 0, NVIDIA GeForce RTX 5070 Ti, 36.95, 0, 0, 5806, 2310, 15051, 32, 5, 8
1791022322.189563788,2026/10/03 19:12:02.226, 1, NVIDIA GeForce RTX 5070 Ti, 7.65, 0, 0, 234, 195, 405, 28, 1, 4
1791022322.189563788,2026/10/03 19:12:02.231, 2, NVIDIA GeForce RTX 5070 Ti, 15.77, 0, 0, 2, 195, 405, 32, 1, 8
1791022322.189563788,2026/10/03 19:12:02.243, 3, NVIDIA GeForce RTX 5060 Ti, 17.56, 0, 0, 180, 2550, 15051, 29, 5, 4
1791022323.259644071,2026/10/03 19:12:03.295, 0, NVIDIA GeForce RTX 5070 Ti, 36.98, 0, 0, 5806, 2310, 15051, 32, 5, 8
1791022323.259644071,2026/10/03 19:12:03.298, 1, NVIDIA GeForce RTX 5070 Ti, 7.60, 0, 0, 234, 195, 405, 28, 1, 4
1791022323.259644071,2026/10/03 19:12:03.302, 2, NVIDIA GeForce RTX 5070 Ti, 15.66, 0, 1, 2, 195, 405, 32, 1, 8
1791022323.259644071,2026/10/03 19:12:03.314, 3, NVIDIA GeForce RTX 5060 Ti, 17.83, 0, 0, 180, 2550, 15051, 29, 5, 4
1791022324.332535568,2026/10/03 19:12:04.370, 0, NVIDIA GeForce RTX 5070 Ti, 37.34, 0, 0, 5900, 2310, 15051, 32, 5, 8
1791022324.332535568,2026/10/03 19:12:04.373, 1, NVIDIA GeForce RTX 5070 Ti, 7.72, 0, 0, 234, 195, 405, 28, 1, 4
1791022324.332535568,2026/10/03 19:12:04.378, 2, NVIDIA GeForce RTX 5070 Ti, 15.74, 0, 0, 2, 195, 405, 32, 1, 8
1791022324.332535568,2026/10/03 19:12:04.392, 3, NVIDIA GeForce RTX 5060 Ti, 18.07, 0, 0, 274, 2550, 15051, 29, 5, 4
1791022325.415142596,2026/10/03 19:12:05.453, 0, NVIDIA GeForce RTX 5070 Ti, 36.81, 0, 0, 5900, 2310, 15051, 32, 5, 8
1791022325.415142596,2026/10/03 19:12:05.456, 1, NVIDIA GeForce RTX 5070 Ti, 7.66, 0, 0, 234, 195, 405, 28, 1, 4
1791022325.415142596,2026/10/03 19:12:05.461, 2, NVIDIA GeForce RTX 5070 Ti, 15.86, 0, 0, 2, 195, 405, 32, 1, 8
1791022325.415142596,2026/10/03 19:12:05.473, 3, NVIDIA GeForce RTX 5060 Ti, 17.80, 0, 0, 274, 2550, 15051, 29, 5, 4
1791022326.497147199,2026/10/03 19:12:06.540, 0, NVIDIA GeForce RTX 5070 Ti, 36.84, 0, 0, 5900, 2310, 15051, 32, 5, 8
1791022326.497147199,2026/10/03 19:12:06.544, 1, NVIDIA GeForce RTX 5070 Ti, 7.61, 0, 0, 234, 195, 405, 28, 1, 4
1791022326.497147199,2026/10/03 19:12:06.550, 2, NVIDIA GeForce RTX 5070 Ti, 15.85, 0, 0, 2, 195, 405, 32, 1, 8
1791022326.497147199,2026/10/03 19:12:06.567, 3, NVIDIA GeForce RTX 5060 Ti, 17.73, 0, 0, 274, 2550, 15051, 29, 5, 4
1791022327.596889108,2026/10/03 19:12:07.640, 0, NVIDIA GeForce RTX 5070 Ti, 36.82, 0, 0, 5900, 2310, 15051, 32, 5, 8
1791022327.596889108,2026/10/03 19:12:07.643, 1, NVIDIA GeForce RTX 5070 Ti, 7.69, 0, 0, 234, 195, 405, 28, 1, 4
1791022327.596889108,2026/10/03 19:12:07.648, 2, NVIDIA GeForce RTX 5070 Ti, 15.94, 0, 0, 2, 195, 405, 32, 1, 8
1791022327.596889108,2026/10/03 19:12:07.660, 3, NVIDIA GeForce RTX 5060 Ti, 17.74, 0, 0, 274, 2550, 15051, 29, 5, 4
1791022328.684227066,2026/10/03 19:12:08.726, 0, NVIDIA GeForce RTX 5070 Ti, 41.02, 1, 0, 14686, 2310, 15051, 32, 5, 8
1791022328.684227066,2026/10/03 19:12:08.729, 1, NVIDIA GeForce RTX 5070 Ti, 7.67, 0, 0, 234, 195, 405, 28, 1, 4
1791022328.684227066,2026/10/03 19:12:08.734, 2, NVIDIA GeForce RTX 5070 Ti, 15.90, 0, 0, 2, 195, 405, 32, 1, 8
1791022328.684227066,2026/10/03 19:12:08.745, 3, NVIDIA GeForce RTX 5060 Ti, 18.21, 54, 7, 2366, 2550, 15051, 29, 5, 4
1791022329.765042502,2026/10/03 19:12:09.802, 0, NVIDIA GeForce RTX 5070 Ti, 37.35, 0, 0, 15120, 2310, 15051, 32, 5, 8
1791022329.765042502,2026/10/03 19:12:09.804, 1, NVIDIA GeForce RTX 5070 Ti, 7.63, 0, 0, 234, 195, 405, 28, 1, 4
1791022329.765042502,2026/10/03 19:12:09.809, 2, NVIDIA GeForce RTX 5070 Ti, 15.78, 0, 0, 2, 195, 405, 32, 1, 8
1791022329.765042502,2026/10/03 19:12:09.823, 3, NVIDIA GeForce RTX 5060 Ti, 24.87, 0, 0, 2436, 2812, 15051, 30, 5, 4
1791022330.839728920,2026/10/03 19:12:10.875, 0, NVIDIA GeForce RTX 5070 Ti, 42.90, 93, 23, 15170, 2310, 15051, 35, 5, 8
1791022330.839728920,2026/10/03 19:12:10.879, 1, NVIDIA GeForce RTX 5070 Ti, 7.58, 0, 0, 234, 195, 405, 28, 1, 4
1791022330.839728920,2026/10/03 19:12:10.883, 2, NVIDIA GeForce RTX 5070 Ti, 15.85, 0, 0, 2, 195, 405, 32, 1, 8
1791022330.839728920,2026/10/03 19:12:10.895, 3, NVIDIA GeForce RTX 5060 Ti, 21.58, 0, 0, 2472, 2550, 15051, 29, 5, 4
1791022331.912986482,2026/10/03 19:12:11.948, 0, NVIDIA GeForce RTX 5070 Ti, 89.78, 100, 26, 15170, 2295, 15051, 36, 5, 8
1791022331.912986482,2026/10/03 19:12:11.952, 1, NVIDIA GeForce RTX 5070 Ti, 7.50, 0, 0, 234, 195, 405, 28, 1, 4
1791022331.912986482,2026/10/03 19:12:11.957, 2, NVIDIA GeForce RTX 5070 Ti, 15.87, 0, 0, 2, 195, 405, 32, 1, 8
1791022331.912986482,2026/10/03 19:12:11.968, 3, NVIDIA GeForce RTX 5060 Ti, 17.30, 0, 0, 2472, 2550, 15051, 29, 5, 4
1791022332.986665290,2026/10/03 19:12:13.022, 0, NVIDIA GeForce RTX 5070 Ti, 78.06, 98, 32, 15206, 2287, 15051, 35, 5, 8
1791022332.986665290,2026/10/03 19:12:13.026, 1, NVIDIA GeForce RTX 5070 Ti, 7.86, 0, 0, 234, 195, 405, 28, 1, 4
1791022332.986665290,2026/10/03 19:12:13.030, 2, NVIDIA GeForce RTX 5070 Ti, 15.88, 0, 0, 2, 195, 405, 32, 1, 8
1791022332.986665290,2026/10/03 19:12:13.044, 3, NVIDIA GeForce RTX 5060 Ti, 20.52, 2, 1, 2472, 2670, 15051, 30, 5, 4
1791022334.063707294,2026/10/03 19:12:14.099, 0, NVIDIA GeForce RTX 5070 Ti, 91.52, 98, 40, 15206, 2280, 15051, 36, 5, 8
1791022334.063707294,2026/10/03 19:12:14.103, 1, NVIDIA GeForce RTX 5070 Ti, 8.00, 0, 0, 234, 195, 405, 28, 1, 4
1791022334.063707294,2026/10/03 19:12:14.107, 2, NVIDIA GeForce RTX 5070 Ti, 15.88, 0, 0, 2, 195, 405, 32, 1, 8
1791022334.063707294,2026/10/03 19:12:14.119, 3, NVIDIA GeForce RTX 5060 Ti, 21.07, 1, 0, 2472, 2640, 15051, 30, 5, 4
1791022335.139101271,2026/10/03 19:12:15.175, 0, NVIDIA GeForce RTX 5070 Ti, 97.89, 100, 47, 15206, 2280, 15051, 37, 5, 8
1791022335.139101271,2026/10/03 19:12:15.179, 1, NVIDIA GeForce RTX 5070 Ti, 8.26, 0, 0, 234, 195, 405, 28, 1, 4
1791022335.139101271,2026/10/03 19:12:15.184, 2, NVIDIA GeForce RTX 5070 Ti, 16.03, 0, 0, 2, 195, 405, 32, 1, 8
1791022335.139101271,2026/10/03 19:12:15.195, 3, NVIDIA GeForce RTX 5060 Ti, 20.31, 1, 0, 2472, 2640, 15051, 30, 5, 4
1791022336.214171705,2026/10/03 19:12:16.250, 0, NVIDIA GeForce RTX 5070 Ti, 103.04, 100, 41, 15206, 2280, 15051, 37, 5, 8
1791022336.214171705,2026/10/03 19:12:16.253, 1, NVIDIA GeForce RTX 5070 Ti, 8.14, 0, 0, 234, 195, 405, 28, 1, 4
1791022336.214171705,2026/10/03 19:12:16.258, 2, NVIDIA GeForce RTX 5070 Ti, 15.91, 0, 0, 2, 187, 405, 32, 1, 8
1791022336.214171705,2026/10/03 19:12:16.271, 3, NVIDIA GeForce RTX 5060 Ti, 19.60, 1, 0, 2472, 2610, 15051, 30, 5, 4
1791022337.290330883,2026/10/03 19:12:17.326, 0, NVIDIA GeForce RTX 5070 Ti, 101.57, 100, 44, 15206, 2280, 15051, 37, 5, 8
1791022337.290330883,2026/10/03 19:12:17.329, 1, NVIDIA GeForce RTX 5070 Ti, 8.10, 0, 0, 234, 195, 405, 28, 1, 4
1791022337.290330883,2026/10/03 19:12:17.334, 2, NVIDIA GeForce RTX 5070 Ti, 15.76, 0, 0, 2, 195, 405, 32, 1, 8
1791022337.290330883,2026/10/03 19:12:17.345, 3, NVIDIA GeForce RTX 5060 Ti, 19.68, 1, 0, 2472, 2617, 15051, 30, 5, 4
1791022338.364591075,2026/10/03 19:12:18.400, 0, NVIDIA GeForce RTX 5070 Ti, 102.22, 98, 34, 15206, 2280, 15051, 37, 5, 8
1791022338.364591075,2026/10/03 19:12:18.405, 1, NVIDIA GeForce RTX 5070 Ti, 8.11, 0, 0, 234, 195, 405, 28, 1, 4
1791022338.364591075,2026/10/03 19:12:18.409, 2, NVIDIA GeForce RTX 5070 Ti, 15.93, 0, 2, 2, 195, 405, 32, 1, 8
1791022338.364591075,2026/10/03 19:12:18.421, 3, NVIDIA GeForce RTX 5060 Ti, 19.74, 1, 0, 2472, 2617, 15051, 30, 5, 4
1791022339.441235352,2026/10/03 19:12:19.478, 0, NVIDIA GeForce RTX 5070 Ti, 97.06, 98, 42, 15206, 2280, 15051, 37, 5, 8
1791022339.441235352,2026/10/03 19:12:19.481, 1, NVIDIA GeForce RTX 5070 Ti, 8.27, 0, 0, 234, 195, 405, 28, 1, 4
1791022339.441235352,2026/10/03 19:12:19.486, 2, NVIDIA GeForce RTX 5070 Ti, 16.08, 0, 1, 2, 195, 405, 32, 1, 8
1791022339.441235352,2026/10/03 19:12:19.497, 3, NVIDIA GeForce RTX 5060 Ti, 19.62, 1, 0, 2472, 2617, 15051, 30, 5, 4
1791022340.516719043,2026/10/03 19:12:20.554, 0, NVIDIA GeForce RTX 5070 Ti, 96.60, 98, 44, 15206, 2280, 15051, 37, 5, 8
1791022340.516719043,2026/10/03 19:12:20.557, 1, NVIDIA GeForce RTX 5070 Ti, 8.26, 0, 0, 234, 195, 405, 28, 1, 4
1791022340.516719043,2026/10/03 19:12:20.562, 2, NVIDIA GeForce RTX 5070 Ti, 16.09, 0, 0, 2, 195, 405, 32, 1, 8
1791022340.516719043,2026/10/03 19:12:20.573, 3, NVIDIA GeForce RTX 5060 Ti, 19.63, 1, 0, 2472, 2617, 15051, 30, 5, 4
1791022341.592553188,2026/10/03 19:12:21.628, 0, NVIDIA GeForce RTX 5070 Ti, 102.51, 98, 45, 15206, 2280, 15051, 38, 5, 8
1791022341.592553188,2026/10/03 19:12:21.632, 1, NVIDIA GeForce RTX 5070 Ti, 8.20, 0, 0, 234, 195, 405, 28, 1, 4
1791022341.592553188,2026/10/03 19:12:21.636, 2, NVIDIA GeForce RTX 5070 Ti, 16.10, 0, 0, 2, 195, 405, 32, 1, 8
1791022341.592553188,2026/10/03 19:12:21.648, 3, NVIDIA GeForce RTX 5060 Ti, 19.67, 1, 0, 2472, 2610, 15051, 30, 5, 4
1791022342.666750647,2026/10/03 19:12:22.703, 0, NVIDIA GeForce RTX 5070 Ti, 101.64, 98, 46, 15206, 2280, 15051, 38, 5, 8
1791022342.666750647,2026/10/03 19:12:22.707, 1, NVIDIA GeForce RTX 5070 Ti, 8.23, 0, 0, 234, 195, 405, 28, 1, 4
1791022342.666750647,2026/10/03 19:12:22.711, 2, NVIDIA GeForce RTX 5070 Ti, 16.04, 0, 0, 2, 195, 405, 32, 1, 8
1791022342.666750647,2026/10/03 19:12:22.723, 3, NVIDIA GeForce RTX 5060 Ti, 19.55, 1, 0, 2472, 2625, 15051, 30, 5, 4
1791022343.741823652,2026/10/03 19:12:23.778, 0, NVIDIA GeForce RTX 5070 Ti, 97.26, 98, 45, 15206, 2280, 15051, 38, 5, 8
1791022343.741823652,2026/10/03 19:12:23.781, 1, NVIDIA GeForce RTX 5070 Ti, 8.18, 0, 0, 234, 195, 405, 28, 1, 4
1791022343.741823652,2026/10/03 19:12:23.786, 2, NVIDIA GeForce RTX 5070 Ti, 16.03, 0, 0, 2, 195, 405, 32, 1, 8
1791022343.741823652,2026/10/03 19:12:23.797, 3, NVIDIA GeForce RTX 5060 Ti, 19.75, 1, 0, 2472, 2625, 15051, 30, 5, 4
1791022344.819707149,2026/10/03 19:12:24.855, 0, NVIDIA GeForce RTX 5070 Ti, 96.27, 99, 33, 15206, 2280, 15051, 37, 5, 8
1791022344.819707149,2026/10/03 19:12:24.859, 1, NVIDIA GeForce RTX 5070 Ti, 8.12, 0, 0, 234, 195, 405, 28, 1, 4
1791022344.819707149,2026/10/03 19:12:24.863, 2, NVIDIA GeForce RTX 5070 Ti, 16.03, 0, 0, 2, 195, 405, 32, 1, 8
1791022344.819707149,2026/10/03 19:12:24.875, 3, NVIDIA GeForce RTX 5060 Ti, 19.92, 1, 0, 2472, 2610, 15051, 30, 5, 4
1791022345.895011533,2026/10/03 19:12:25.931, 0, NVIDIA GeForce RTX 5070 Ti, 97.74, 98, 40, 15206, 2280, 15051, 38, 5, 8
1791022345.895011533,2026/10/03 19:12:25.934, 1, NVIDIA GeForce RTX 5070 Ti, 8.12, 0, 0, 234, 195, 405, 28, 1, 4
1791022345.895011533,2026/10/03 19:12:25.939, 2, NVIDIA GeForce RTX 5070 Ti, 16.18, 0, 0, 2, 195, 405, 32, 1, 8
1791022345.895011533,2026/10/03 19:12:25.951, 3, NVIDIA GeForce RTX 5060 Ti, 19.54, 1, 0, 2472, 2610, 15051, 30, 5, 4
1791022346.970969023,2026/10/03 19:12:27.007, 0, NVIDIA GeForce RTX 5070 Ti, 99.51, 98, 39, 15206, 2280, 15051, 38, 5, 8
1791022346.970969023,2026/10/03 19:12:27.012, 1, NVIDIA GeForce RTX 5070 Ti, 8.17, 0, 0, 234, 195, 405, 28, 1, 4
1791022346.970969023,2026/10/03 19:12:27.016, 2, NVIDIA GeForce RTX 5070 Ti, 16.20, 0, 0, 2, 195, 405, 32, 1, 8
1791022346.970969023,2026/10/03 19:12:27.028, 3, NVIDIA GeForce RTX 5060 Ti, 19.42, 1, 0, 2472, 2617, 15051, 30, 5, 4
1791022348.047278997,2026/10/03 19:12:28.084, 0, NVIDIA GeForce RTX 5070 Ti, 95.36, 100, 46, 15206, 2280, 15051, 38, 5, 8
1791022348.047278997,2026/10/03 19:12:28.087, 1, NVIDIA GeForce RTX 5070 Ti, 8.10, 0, 0, 234, 195, 405, 28, 1, 4
1791022348.047278997,2026/10/03 19:12:28.092, 2, NVIDIA GeForce RTX 5070 Ti, 16.10, 0, 0, 2, 195, 405, 32, 1, 8
1791022348.047278997,2026/10/03 19:12:28.105, 3, NVIDIA GeForce RTX 5060 Ti, 19.57, 1, 0, 2472, 2617, 15051, 30, 5, 4
1791022349.125312841,2026/10/03 19:12:29.161, 0, NVIDIA GeForce RTX 5070 Ti, 101.03, 100, 36, 15206, 2280, 15051, 38, 5, 8
1791022349.125312841,2026/10/03 19:12:29.165, 1, NVIDIA GeForce RTX 5070 Ti, 8.05, 0, 0, 234, 195, 405, 28, 1, 4
1791022349.125312841,2026/10/03 19:12:29.169, 2, NVIDIA GeForce RTX 5070 Ti, 16.09, 0, 0, 2, 187, 405, 32, 1, 8
1791022349.125312841,2026/10/03 19:12:29.181, 3, NVIDIA GeForce RTX 5060 Ti, 19.43, 1, 0, 2472, 2610, 15051, 30, 5, 4
1791022350.199637005,2026/10/03 19:12:30.236, 0, NVIDIA GeForce RTX 5070 Ti, 97.37, 100, 42, 15206, 2280, 15051, 38, 5, 8
1791022350.199637005,2026/10/03 19:12:30.239, 1, NVIDIA GeForce RTX 5070 Ti, 8.12, 0, 0, 234, 195, 405, 28, 1, 4
1791022350.199637005,2026/10/03 19:12:30.244, 2, NVIDIA GeForce RTX 5070 Ti, 15.98, 0, 0, 2, 195, 405, 32, 1, 8
1791022350.199637005,2026/10/03 19:12:30.258, 3, NVIDIA GeForce RTX 5060 Ti, 19.65, 1, 0, 2472, 2625, 15051, 30, 5, 4
1791022351.277573215,2026/10/03 19:12:31.314, 0, NVIDIA GeForce RTX 5070 Ti, 102.10, 98, 42, 15206, 2280, 15051, 39, 5, 8
1791022351.277573215,2026/10/03 19:12:31.317, 1, NVIDIA GeForce RTX 5070 Ti, 8.11, 0, 0, 234, 195, 405, 28, 1, 4
1791022351.277573215,2026/10/03 19:12:31.322, 2, NVIDIA GeForce RTX 5070 Ti, 16.05, 0, 0, 2, 195, 405, 32, 1, 8
1791022351.277573215,2026/10/03 19:12:31.334, 3, NVIDIA GeForce RTX 5060 Ti, 19.45, 1, 0, 2472, 2610, 15051, 30, 5, 4
1791022352.353076537,2026/10/03 19:12:32.390, 0, NVIDIA GeForce RTX 5070 Ti, 99.23, 98, 40, 15206, 2280, 15051, 39, 5, 8
1791022352.353076537,2026/10/03 19:12:32.393, 1, NVIDIA GeForce RTX 5070 Ti, 8.17, 0, 0, 234, 195, 405, 28, 1, 4
1791022352.353076537,2026/10/03 19:12:32.398, 2, NVIDIA GeForce RTX 5070 Ti, 16.11, 0, 0, 2, 195, 405, 32, 1, 8
1791022352.353076537,2026/10/03 19:12:32.409, 3, NVIDIA GeForce RTX 5060 Ti, 19.55, 0, 0, 2472, 2610, 15051, 30, 5, 4
1791022353.428443773,2026/10/03 19:12:33.464, 0, NVIDIA GeForce RTX 5070 Ti, 99.85, 98, 48, 15206, 2280, 15051, 39, 5, 8
1791022353.428443773,2026/10/03 19:12:33.468, 1, NVIDIA GeForce RTX 5070 Ti, 8.18, 0, 0, 234, 195, 405, 28, 1, 4
1791022353.428443773,2026/10/03 19:12:33.473, 2, NVIDIA GeForce RTX 5070 Ti, 16.15, 0, 0, 2, 195, 405, 32, 1, 8
1791022353.428443773,2026/10/03 19:12:33.484, 3, NVIDIA GeForce RTX 5060 Ti, 19.72, 1, 0, 2472, 2610, 15051, 30, 5, 4
1791022354.503675284,2026/10/03 19:12:34.540, 0, NVIDIA GeForce RTX 5070 Ti, 98.61, 99, 38, 15206, 2280, 15051, 39, 5, 8
1791022354.503675284,2026/10/03 19:12:34.544, 1, NVIDIA GeForce RTX 5070 Ti, 8.13, 0, 0, 234, 195, 405, 28, 1, 4
1791022354.503675284,2026/10/03 19:12:34.548, 2, NVIDIA GeForce RTX 5070 Ti, 16.02, 0, 0, 2, 195, 405, 32, 1, 8
1791022354.503675284,2026/10/03 19:12:34.560, 3, NVIDIA GeForce RTX 5060 Ti, 19.76, 1, 0, 2472, 2617, 15051, 30, 5, 4
1791022355.581895525,2026/10/03 19:12:35.618, 0, NVIDIA GeForce RTX 5070 Ti, 99.43, 100, 40, 15206, 2280, 15051, 38, 5, 8
1791022355.581895525,2026/10/03 19:12:35.622, 1, NVIDIA GeForce RTX 5070 Ti, 8.22, 0, 0, 234, 195, 405, 28, 1, 4
1791022355.581895525,2026/10/03 19:12:35.626, 2, NVIDIA GeForce RTX 5070 Ti, 15.98, 0, 0, 2, 195, 405, 32, 1, 8
1791022355.581895525,2026/10/03 19:12:35.638, 3, NVIDIA GeForce RTX 5060 Ti, 20.06, 1, 0, 2472, 2632, 15051, 30, 5, 4
1791022356.658134566,2026/10/03 19:12:36.695, 0, NVIDIA GeForce RTX 5070 Ti, 95.87, 98, 41, 15206, 2280, 15051, 39, 5, 8
1791022356.658134566,2026/10/03 19:12:36.698, 1, NVIDIA GeForce RTX 5070 Ti, 8.16, 0, 0, 234, 187, 405, 28, 1, 4
1791022356.658134566,2026/10/03 19:12:36.703, 2, NVIDIA GeForce RTX 5070 Ti, 15.96, 0, 0, 2, 195, 405, 32, 1, 8
1791022356.658134566,2026/10/03 19:12:36.715, 3, NVIDIA GeForce RTX 5060 Ti, 20.07, 1, 0, 2472, 2625, 15051, 30, 5, 4
1791022357.733911989,2026/10/03 19:12:37.770, 0, NVIDIA GeForce RTX 5070 Ti, 97.80, 98, 43, 15206, 2280, 15051, 39, 5, 8
1791022357.733911989,2026/10/03 19:12:37.773, 1, NVIDIA GeForce RTX 5070 Ti, 8.02, 0, 0, 234, 195, 405, 28, 1, 4
1791022357.733911989,2026/10/03 19:12:37.777, 2, NVIDIA GeForce RTX 5070 Ti, 16.06, 0, 0, 2, 195, 405, 32, 1, 8
1791022357.733911989,2026/10/03 19:12:37.789, 3, NVIDIA GeForce RTX 5060 Ti, 19.70, 1, 0, 2472, 2602, 15051, 30, 5, 4
1791022358.808087627,2026/10/03 19:12:38.844, 0, NVIDIA GeForce RTX 5070 Ti, 97.89, 99, 31, 15206, 2280, 15051, 39, 5, 8
1791022358.808087627,2026/10/03 19:12:38.848, 1, NVIDIA GeForce RTX 5070 Ti, 8.04, 0, 0, 234, 195, 405, 28, 1, 4
1791022358.808087627,2026/10/03 19:12:38.853, 2, NVIDIA GeForce RTX 5070 Ti, 16.03, 0, 0, 2, 195, 405, 32, 1, 8
1791022358.808087627,2026/10/03 19:12:38.865, 3, NVIDIA GeForce RTX 5060 Ti, 19.66, 1, 0, 2472, 2625, 15051, 31, 5, 4
1791022359.883661442,2026/10/03 19:12:39.921, 0, NVIDIA GeForce RTX 5070 Ti, 94.24, 100, 41, 15206, 2280, 15051, 39, 5, 8
1791022359.883661442,2026/10/03 19:12:39.925, 1, NVIDIA GeForce RTX 5070 Ti, 8.05, 0, 0, 234, 195, 405, 28, 1, 4
1791022359.883661442,2026/10/03 19:12:39.929, 2, NVIDIA GeForce RTX 5070 Ti, 16.00, 0, 2, 2, 195, 405, 32, 1, 8
1791022359.883661442,2026/10/03 19:12:39.941, 3, NVIDIA GeForce RTX 5060 Ti, 19.56, 1, 0, 2472, 2610, 15051, 31, 5, 4
1791022360.960775998,2026/10/03 19:12:40.997, 0, NVIDIA GeForce RTX 5070 Ti, 100.25, 100, 37, 15206, 2280, 15051, 39, 5, 8
1791022360.960775998,2026/10/03 19:12:41.000, 1, NVIDIA GeForce RTX 5070 Ti, 8.23, 0, 0, 234, 195, 405, 28, 1, 4
1791022360.960775998,2026/10/03 19:12:41.005, 2, NVIDIA GeForce RTX 5070 Ti, 15.99, 0, 0, 2, 195, 405, 32, 1, 8
1791022360.960775998,2026/10/03 19:12:41.018, 3, NVIDIA GeForce RTX 5060 Ti, 19.47, 1, 0, 2472, 2617, 15051, 31, 5, 4
1791022362.037315182,2026/10/03 19:12:42.073, 0, NVIDIA GeForce RTX 5070 Ti, 99.63, 99, 32, 15206, 2280, 15051, 39, 5, 8
1791022362.037315182,2026/10/03 19:12:42.077, 1, NVIDIA GeForce RTX 5070 Ti, 8.15, 0, 0, 234, 195, 405, 28, 1, 4
1791022362.037315182,2026/10/03 19:12:42.081, 2, NVIDIA GeForce RTX 5070 Ti, 16.06, 0, 0, 2, 195, 405, 32, 1, 8
1791022362.037315182,2026/10/03 19:12:42.093, 3, NVIDIA GeForce RTX 5060 Ti, 19.71, 1, 0, 2472, 2632, 15051, 31, 5, 4
1791022363.110956698,2026/10/03 19:12:43.146, 0, NVIDIA GeForce RTX 5070 Ti, 100.39, 98, 48, 15206, 2280, 15051, 40, 5, 8
1791022363.110956698,2026/10/03 19:12:43.149, 1, NVIDIA GeForce RTX 5070 Ti, 8.11, 0, 0, 234, 195, 405, 28, 1, 4
1791022363.110956698,2026/10/03 19:12:43.154, 2, NVIDIA GeForce RTX 5070 Ti, 16.11, 0, 0, 2, 195, 405, 32, 1, 8
1791022363.110956698,2026/10/03 19:12:43.166, 3, NVIDIA GeForce RTX 5060 Ti, 19.90, 1, 0, 2472, 2617, 15051, 31, 5, 4
1791022364.184225050,2026/10/03 19:12:44.220, 0, NVIDIA GeForce RTX 5070 Ti, 105.36, 98, 49, 15206, 2280, 15051, 40, 5, 8
1791022364.184225050,2026/10/03 19:12:44.224, 1, NVIDIA GeForce RTX 5070 Ti, 8.22, 0, 0, 234, 195, 405, 28, 1, 4
1791022364.184225050,2026/10/03 19:12:44.229, 2, NVIDIA GeForce RTX 5070 Ti, 15.94, 0, 1, 2, 195, 405, 32, 1, 8
1791022364.184225050,2026/10/03 19:12:44.243, 3, NVIDIA GeForce RTX 5060 Ti, 19.26, 1, 0, 2472, 2602, 15051, 31, 5, 4
1791022365.261810986,2026/10/03 19:12:45.298, 0, NVIDIA GeForce RTX 5070 Ti, 97.81, 98, 45, 15206, 2280, 15051, 40, 5, 8
1791022365.261810986,2026/10/03 19:12:45.301, 1, NVIDIA GeForce RTX 5070 Ti, 8.07, 0, 0, 234, 195, 405, 28, 1, 4
1791022365.261810986,2026/10/03 19:12:45.305, 2, NVIDIA GeForce RTX 5070 Ti, 15.99, 0, 0, 2, 195, 405, 32, 1, 8
1791022365.261810986,2026/10/03 19:12:45.317, 3, NVIDIA GeForce RTX 5060 Ti, 19.77, 1, 0, 2472, 2610, 15051, 31, 5, 4
1791022366.335006594,2026/10/03 19:12:46.371, 0, NVIDIA GeForce RTX 5070 Ti, 103.29, 99, 35, 15206, 2280, 15051, 40, 5, 8
1791022366.335006594,2026/10/03 19:12:46.375, 1, NVIDIA GeForce RTX 5070 Ti, 8.05, 0, 0, 234, 195, 405, 28, 1, 4
1791022366.335006594,2026/10/03 19:12:46.379, 2, NVIDIA GeForce RTX 5070 Ti, 15.98, 0, 0, 2, 195, 405, 32, 1, 8
1791022366.335006594,2026/10/03 19:12:46.391, 3, NVIDIA GeForce RTX 5060 Ti, 19.57, 0, 0, 2472, 2617, 15051, 31, 5, 4
1791022367.410019776,2026/10/03 19:12:47.446, 0, NVIDIA GeForce RTX 5070 Ti, 99.77, 99, 39, 15206, 2280, 15051, 40, 5, 8
1791022367.410019776,2026/10/03 19:12:47.450, 1, NVIDIA GeForce RTX 5070 Ti, 8.33, 0, 0, 234, 195, 405, 28, 1, 4
1791022367.410019776,2026/10/03 19:12:47.455, 2, NVIDIA GeForce RTX 5070 Ti, 16.02, 0, 0, 2, 195, 405, 32, 1, 8
1791022367.410019776,2026/10/03 19:12:47.467, 3, NVIDIA GeForce RTX 5060 Ti, 19.80, 1, 0, 2472, 2617, 15051, 31, 5, 4
1791022368.485893793,2026/10/03 19:12:48.521, 0, NVIDIA GeForce RTX 5070 Ti, 98.15, 99, 34, 15206, 2280, 15051, 40, 5, 8
1791022368.485893793,2026/10/03 19:12:48.525, 1, NVIDIA GeForce RTX 5070 Ti, 8.23, 0, 0, 234, 195, 405, 28, 1, 4
1791022368.485893793,2026/10/03 19:12:48.530, 2, NVIDIA GeForce RTX 5070 Ti, 16.01, 0, 0, 2, 195, 405, 32, 1, 8
1791022368.485893793,2026/10/03 19:12:48.542, 3, NVIDIA GeForce RTX 5060 Ti, 20.04, 1, 0, 2472, 2625, 15051, 31, 5, 4
1791022369.561010289,2026/10/03 19:12:49.597, 0, NVIDIA GeForce RTX 5070 Ti, 98.79, 98, 44, 15206, 2280, 15051, 40, 5, 8
1791022369.561010289,2026/10/03 19:12:49.600, 1, NVIDIA GeForce RTX 5070 Ti, 8.15, 0, 0, 234, 187, 405, 28, 1, 4
1791022369.561010289,2026/10/03 19:12:49.605, 2, NVIDIA GeForce RTX 5070 Ti, 16.02, 0, 1, 2, 195, 405, 32, 1, 8
1791022369.561010289,2026/10/03 19:12:49.616, 3, NVIDIA GeForce RTX 5060 Ti, 19.80, 1, 0, 2472, 2602, 15051, 31, 5, 4
1791022370.643387958,2026/10/03 19:12:50.679, 0, NVIDIA GeForce RTX 5070 Ti, 97.32, 100, 43, 15206, 2280, 15051, 40, 5, 8
1791022370.643387958,2026/10/03 19:12:50.682, 1, NVIDIA GeForce RTX 5070 Ti, 8.15, 0, 0, 234, 195, 405, 28, 1, 4
1791022370.643387958,2026/10/03 19:12:50.687, 2, NVIDIA GeForce RTX 5070 Ti, 16.04, 0, 1, 2, 195, 405, 32, 1, 8
1791022370.643387958,2026/10/03 19:12:50.699, 3, NVIDIA GeForce RTX 5060 Ti, 19.55, 1, 0, 2472, 2617, 15051, 31, 5, 4
1791022371.718025054,2026/10/03 19:12:51.754, 0, NVIDIA GeForce RTX 5070 Ti, 100.43, 100, 38, 15206, 2280, 15051, 40, 5, 8
1791022371.718025054,2026/10/03 19:12:51.757, 1, NVIDIA GeForce RTX 5070 Ti, 8.15, 0, 0, 234, 195, 405, 28, 1, 4
1791022371.718025054,2026/10/03 19:12:51.762, 2, NVIDIA GeForce RTX 5070 Ti, 16.16, 0, 0, 2, 195, 405, 32, 1, 8
1791022371.718025054,2026/10/03 19:12:51.774, 3, NVIDIA GeForce RTX 5060 Ti, 19.83, 1, 0, 2472, 2625, 15051, 31, 5, 4
1791022372.793492365,2026/10/03 19:12:52.829, 0, NVIDIA GeForce RTX 5070 Ti, 97.53, 100, 39, 15206, 2280, 15051, 41, 5, 8
1791022372.793492365,2026/10/03 19:12:52.833, 1, NVIDIA GeForce RTX 5070 Ti, 8.22, 0, 0, 234, 195, 405, 28, 1, 4
1791022372.793492365,2026/10/03 19:12:52.838, 2, NVIDIA GeForce RTX 5070 Ti, 16.11, 0, 0, 2, 195, 405, 32, 1, 8
1791022372.793492365,2026/10/03 19:12:52.850, 3, NVIDIA GeForce RTX 5060 Ti, 19.64, 1, 0, 2472, 2610, 15051, 31, 5, 4
1791022373.868260907,2026/10/03 19:12:53.906, 0, NVIDIA GeForce RTX 5070 Ti, 98.85, 99, 36, 15206, 2280, 15051, 40, 5, 8
1791022373.868260907,2026/10/03 19:12:53.910, 1, NVIDIA GeForce RTX 5070 Ti, 8.11, 0, 0, 234, 195, 405, 28, 1, 4
1791022373.868260907,2026/10/03 19:12:53.914, 2, NVIDIA GeForce RTX 5070 Ti, 16.21, 0, 0, 2, 195, 405, 32, 1, 8
1791022373.868260907,2026/10/03 19:12:53.926, 3, NVIDIA GeForce RTX 5060 Ti, 19.92, 1, 0, 2472, 2625, 15051, 31, 5, 4
1791022374.944825241,2026/10/03 19:12:54.981, 0, NVIDIA GeForce RTX 5070 Ti, 103.90, 99, 43, 15206, 2280, 15051, 41, 5, 8
1791022374.944825241,2026/10/03 19:12:54.984, 1, NVIDIA GeForce RTX 5070 Ti, 7.99, 0, 0, 234, 195, 405, 28, 1, 4
1791022374.944825241,2026/10/03 19:12:54.989, 2, NVIDIA GeForce RTX 5070 Ti, 16.14, 0, 1, 2, 195, 405, 32, 1, 8
1791022374.944825241,2026/10/03 19:12:55.002, 3, NVIDIA GeForce RTX 5060 Ti, 19.15, 0, 0, 2472, 2595, 15051, 31, 5, 4
1791022376.022295442,2026/10/03 19:12:56.058, 0, NVIDIA GeForce RTX 5070 Ti, 103.58, 98, 45, 15206, 2280, 15051, 41, 5, 8
1791022376.022295442,2026/10/03 19:12:56.062, 1, NVIDIA GeForce RTX 5070 Ti, 8.02, 0, 0, 234, 195, 405, 28, 1, 4
1791022376.022295442,2026/10/03 19:12:56.066, 2, NVIDIA GeForce RTX 5070 Ti, 16.08, 0, 0, 2, 195, 405, 32, 1, 8
1791022376.022295442,2026/10/03 19:12:56.078, 3, NVIDIA GeForce RTX 5060 Ti, 19.51, 1, 0, 2472, 2617, 15051, 31, 5, 4
1791022377.096866176,2026/10/03 19:12:57.133, 0, NVIDIA GeForce RTX 5070 Ti, 101.77, 98, 38, 15206, 2280, 15051, 40, 5, 8
1791022377.096866176,2026/10/03 19:12:57.136, 1, NVIDIA GeForce RTX 5070 Ti, 8.07, 0, 0, 234, 195, 405, 28, 1, 4
1791022377.096866176,2026/10/03 19:12:57.141, 2, NVIDIA GeForce RTX 5070 Ti, 16.09, 0, 0, 2, 195, 405, 32, 1, 8
1791022377.096866176,2026/10/03 19:12:57.151, 3, NVIDIA GeForce RTX 5060 Ti, 19.63, 1, 0, 2472, 2610, 15051, 31, 5, 4
1791022378.169925200,2026/10/03 19:12:58.205, 0, NVIDIA GeForce RTX 5070 Ti, 97.03, 99, 27, 15206, 2280, 15051, 40, 5, 8
1791022378.169925200,2026/10/03 19:12:58.209, 1, NVIDIA GeForce RTX 5070 Ti, 8.11, 0, 0, 234, 195, 405, 28, 1, 4
1791022378.169925200,2026/10/03 19:12:58.213, 2, NVIDIA GeForce RTX 5070 Ti, 16.05, 0, 0, 2, 195, 405, 32, 1, 8
1791022378.169925200,2026/10/03 19:12:58.228, 3, NVIDIA GeForce RTX 5060 Ti, 19.68, 1, 0, 2472, 2617, 15051, 31, 5, 4
1791022379.246845168,2026/10/03 19:12:59.283, 0, NVIDIA GeForce RTX 5070 Ti, 95.43, 99, 43, 15206, 2280, 15051, 42, 5, 8
1791022379.246845168,2026/10/03 19:12:59.286, 1, NVIDIA GeForce RTX 5070 Ti, 8.09, 0, 0, 234, 195, 405, 28, 1, 4
1791022379.246845168,2026/10/03 19:12:59.291, 2, NVIDIA GeForce RTX 5070 Ti, 16.01, 0, 0, 2, 195, 405, 32, 1, 8
1791022379.246845168,2026/10/03 19:12:59.302, 3, NVIDIA GeForce RTX 5060 Ti, 19.56, 1, 0, 2472, 2625, 15051, 31, 5, 4
1791022380.321472685,2026/10/03 19:13:00.357, 0, NVIDIA GeForce RTX 5070 Ti, 99.49, 93, 24, 15212, 2280, 15051, 40, 5, 8
1791022380.321472685,2026/10/03 19:13:00.361, 1, NVIDIA GeForce RTX 5070 Ti, 8.12, 0, 0, 234, 195, 405, 28, 1, 4
1791022380.321472685,2026/10/03 19:13:00.365, 2, NVIDIA GeForce RTX 5070 Ti, 16.10, 0, 0, 2, 195, 405, 32, 1, 8
1791022380.321472685,2026/10/03 19:13:00.377, 3, NVIDIA GeForce RTX 5060 Ti, 19.58, 1, 0, 2472, 2610, 15051, 31, 5, 4
1791022381.396035669,2026/10/03 19:13:01.432, 0, NVIDIA GeForce RTX 5070 Ti, 100.60, 99, 40, 15212, 2280, 15051, 41, 5, 8
1791022381.396035669,2026/10/03 19:13:01.435, 1, NVIDIA GeForce RTX 5070 Ti, 8.04, 0, 0, 234, 195, 405, 28, 1, 4
1791022381.396035669,2026/10/03 19:13:01.440, 2, NVIDIA GeForce RTX 5070 Ti, 15.99, 0, 0, 2, 195, 405, 32, 1, 8
1791022381.396035669,2026/10/03 19:13:01.451, 3, NVIDIA GeForce RTX 5060 Ti, 19.53, 1, 0, 2472, 2625, 15051, 31, 5, 4
1791022382.470163165,2026/10/03 19:13:02.506, 0, NVIDIA GeForce RTX 5070 Ti, 96.10, 100, 41, 15212, 2280, 15051, 41, 5, 8
1791022382.470163165,2026/10/03 19:13:02.509, 1, NVIDIA GeForce RTX 5070 Ti, 8.13, 0, 0, 234, 195, 405, 28, 1, 4
1791022382.470163165,2026/10/03 19:13:02.514, 2, NVIDIA GeForce RTX 5070 Ti, 15.92, 0, 0, 2, 195, 405, 32, 1, 8
1791022382.470163165,2026/10/03 19:13:02.526, 3, NVIDIA GeForce RTX 5060 Ti, 19.53, 1, 0, 2472, 2625, 15051, 31, 5, 4
1791022383.544857684,2026/10/03 19:13:03.581, 0, NVIDIA GeForce RTX 5070 Ti, 98.39, 100, 42, 15212, 2280, 15051, 41, 5, 8
1791022383.544857684,2026/10/03 19:13:03.585, 1, NVIDIA GeForce RTX 5070 Ti, 8.15, 0, 0, 234, 195, 405, 28, 1, 4
1791022383.544857684,2026/10/03 19:13:03.589, 2, NVIDIA GeForce RTX 5070 Ti, 15.84, 0, 0, 2, 195, 405, 32, 1, 8
1791022383.544857684,2026/10/03 19:13:03.601, 3, NVIDIA GeForce RTX 5060 Ti, 19.58, 1, 0, 2472, 2617, 15051, 31, 5, 4
1791022384.619908397,2026/10/03 19:13:04.658, 0, NVIDIA GeForce RTX 5070 Ti, 101.61, 100, 36, 15212, 2280, 15051, 42, 5, 8
1791022384.619908397,2026/10/03 19:13:04.662, 1, NVIDIA GeForce RTX 5070 Ti, 8.20, 0, 0, 234, 195, 405, 28, 1, 4
1791022384.619908397,2026/10/03 19:13:04.666, 2, NVIDIA GeForce RTX 5070 Ti, 16.07, 0, 0, 2, 195, 405, 32, 1, 8
1791022384.619908397,2026/10/03 19:13:04.678, 3, NVIDIA GeForce RTX 5060 Ti, 19.51, 1, 0, 2472, 2625, 15051, 31, 5, 4
1791022385.697423340,2026/10/03 19:13:05.733, 0, NVIDIA GeForce RTX 5070 Ti, 101.60, 100, 48, 15212, 2280, 15051, 42, 5, 8
1791022385.697423340,2026/10/03 19:13:05.736, 1, NVIDIA GeForce RTX 5070 Ti, 8.23, 0, 0, 234, 195, 405, 28, 1, 4
1791022385.697423340,2026/10/03 19:13:05.741, 2, NVIDIA GeForce RTX 5070 Ti, 16.08, 0, 1, 2, 195, 405, 32, 1, 8
1791022385.697423340,2026/10/03 19:13:05.753, 3, NVIDIA GeForce RTX 5060 Ti, 19.85, 1, 0, 2472, 2617, 15051, 31, 5, 4
1791022386.772152701,2026/10/03 19:13:06.808, 0, NVIDIA GeForce RTX 5070 Ti, 107.63, 97, 46, 15212, 2280, 15051, 42, 5, 8
1791022386.772152701,2026/10/03 19:13:06.812, 1, NVIDIA GeForce RTX 5070 Ti, 8.08, 0, 0, 234, 195, 405, 28, 1, 4
1791022386.772152701,2026/10/03 19:13:06.816, 2, NVIDIA GeForce RTX 5070 Ti, 16.07, 0, 1, 2, 195, 405, 32, 1, 8
1791022386.772152701,2026/10/03 19:13:06.828, 3, NVIDIA GeForce RTX 5060 Ti, 19.23, 0, 0, 2472, 2595, 15051, 31, 5, 4
1791022387.847604380,2026/10/03 19:13:07.884, 0, NVIDIA GeForce RTX 5070 Ti, 100.15, 99, 38, 15212, 2280, 15051, 41, 5, 8
1791022387.847604380,2026/10/03 19:13:07.887, 1, NVIDIA GeForce RTX 5070 Ti, 8.02, 0, 0, 234, 195, 405, 28, 1, 4
1791022387.847604380,2026/10/03 19:13:07.892, 2, NVIDIA GeForce RTX 5070 Ti, 16.07, 0, 0, 2, 195, 405, 32, 1, 8
1791022387.847604380,2026/10/03 19:13:07.904, 3, NVIDIA GeForce RTX 5060 Ti, 19.68, 1, 0, 2472, 2617, 15051, 32, 5, 4
1791022388.922866282,2026/10/03 19:13:08.959, 0, NVIDIA GeForce RTX 5070 Ti, 100.90, 98, 42, 15212, 2280, 15051, 41, 5, 8
1791022388.922866282,2026/10/03 19:13:08.962, 1, NVIDIA GeForce RTX 5070 Ti, 8.14, 0, 0, 234, 195, 405, 28, 1, 4
1791022388.922866282,2026/10/03 19:13:08.967, 2, NVIDIA GeForce RTX 5070 Ti, 16.10, 0, 0, 2, 195, 405, 32, 1, 8
1791022388.922866282,2026/10/03 19:13:08.979, 3, NVIDIA GeForce RTX 5060 Ti, 19.64, 0, 0, 2472, 2617, 15051, 32, 5, 4
1791022390.000712498,2026/10/03 19:13:10.036, 0, NVIDIA GeForce RTX 5070 Ti, 98.45, 99, 34, 15212, 2280, 15051, 41, 5, 8
1791022390.000712498,2026/10/03 19:13:10.040, 1, NVIDIA GeForce RTX 5070 Ti, 8.15, 0, 0, 234, 195, 405, 28, 1, 4
1791022390.000712498,2026/10/03 19:13:10.044, 2, NVIDIA GeForce RTX 5070 Ti, 16.11, 0, 1, 2, 195, 405, 32, 1, 8
1791022390.000712498,2026/10/03 19:13:10.056, 3, NVIDIA GeForce RTX 5060 Ti, 20.06, 1, 0, 2472, 2632, 15051, 32, 5, 4
1791022391.076288013,2026/10/03 19:13:11.115, 0, NVIDIA GeForce RTX 5070 Ti, 93.75, 98, 46, 15212, 2280, 15051, 42, 5, 8
1791022391.076288013,2026/10/03 19:13:11.119, 1, NVIDIA GeForce RTX 5070 Ti, 8.07, 0, 0, 234, 195, 405, 28, 1, 4
1791022391.076288013,2026/10/03 19:13:11.123, 2, NVIDIA GeForce RTX 5070 Ti, 16.01, 0, 0, 2, 195, 405, 32, 1, 8
1791022391.076288013,2026/10/03 19:13:11.135, 3, NVIDIA GeForce RTX 5060 Ti, 19.72, 1, 0, 2472, 2610, 15051, 32, 5, 4
1791022392.156836778,2026/10/03 19:13:12.193, 0, NVIDIA GeForce RTX 5070 Ti, 99.73, 98, 43, 15212, 2280, 15051, 42, 5, 8
1791022392.156836778,2026/10/03 19:13:12.196, 1, NVIDIA GeForce RTX 5070 Ti, 8.18, 0, 0, 234, 195, 405, 28, 1, 4
1791022392.156836778,2026/10/03 19:13:12.201, 2, NVIDIA GeForce RTX 5070 Ti, 15.86, 0, 0, 2, 195, 405, 32, 1, 8
1791022392.156836778,2026/10/03 19:13:12.215, 3, NVIDIA GeForce RTX 5060 Ti, 19.82, 1, 0, 2472, 2632, 15051, 32, 5, 4
1791022393.233850851,2026/10/03 19:13:13.270, 0, NVIDIA GeForce RTX 5070 Ti, 94.04, 100, 37, 15212, 2280, 15051, 42, 5, 8
1791022393.233850851,2026/10/03 19:13:13.274, 1, NVIDIA GeForce RTX 5070 Ti, 8.11, 0, 0, 234, 195, 405, 28, 1, 4
1791022393.233850851,2026/10/03 19:13:13.279, 2, NVIDIA GeForce RTX 5070 Ti, 15.91, 0, 1, 2, 195, 405, 32, 1, 8
1791022393.233850851,2026/10/03 19:13:13.290, 3, NVIDIA GeForce RTX 5060 Ti, 19.97, 1, 0, 2472, 2617, 15051, 32, 5, 4
1791022394.308931645,2026/10/03 19:13:14.345, 0, NVIDIA GeForce RTX 5070 Ti, 101.61, 100, 51, 15212, 2280, 15051, 42, 5, 8
1791022394.308931645,2026/10/03 19:13:14.348, 1, NVIDIA GeForce RTX 5070 Ti, 8.01, 0, 0, 234, 195, 405, 28, 1, 4
1791022394.308931645,2026/10/03 19:13:14.353, 2, NVIDIA GeForce RTX 5070 Ti, 15.93, 0, 0, 2, 195, 405, 32, 1, 8
1791022394.308931645,2026/10/03 19:13:14.365, 3, NVIDIA GeForce RTX 5060 Ti, 19.79, 1, 0, 2472, 2617, 15051, 32, 5, 4
1791022395.384172956,2026/10/03 19:13:15.420, 0, NVIDIA GeForce RTX 5070 Ti, 98.15, 99, 44, 15212, 2280, 15051, 42, 5, 8
1791022395.384172956,2026/10/03 19:13:15.423, 1, NVIDIA GeForce RTX 5070 Ti, 8.22, 0, 0, 234, 187, 405, 28, 1, 4
1791022395.384172956,2026/10/03 19:13:15.428, 2, NVIDIA GeForce RTX 5070 Ti, 15.96, 0, 0, 2, 195, 405, 32, 1, 8
1791022395.384172956,2026/10/03 19:13:15.439, 3, NVIDIA GeForce RTX 5060 Ti, 19.88, 1, 0, 2472, 2602, 15051, 32, 5, 4
1791022396.458179878,2026/10/03 19:13:16.494, 0, NVIDIA GeForce RTX 5070 Ti, 99.93, 100, 36, 15212, 2280, 15051, 42, 5, 8
1791022396.458179878,2026/10/03 19:13:16.497, 1, NVIDIA GeForce RTX 5070 Ti, 8.25, 0, 0, 234, 195, 405, 28, 1, 4
1791022396.458179878,2026/10/03 19:13:16.502, 2, NVIDIA GeForce RTX 5070 Ti, 16.09, 0, 0, 2, 195, 405, 32, 1, 8
1791022396.458179878,2026/10/03 19:13:16.514, 3, NVIDIA GeForce RTX 5060 Ti, 20.38, 1, 0, 2472, 2632, 15051, 32, 5, 4
1791022397.532989072,2026/10/03 19:13:17.568, 0, NVIDIA GeForce RTX 5070 Ti, 109.46, 98, 50, 15212, 2280, 15051, 43, 5, 8
1791022397.532989072,2026/10/03 19:13:17.572, 1, NVIDIA GeForce RTX 5070 Ti, 8.07, 0, 0, 234, 195, 405, 28, 1, 4
1791022397.532989072,2026/10/03 19:13:17.577, 2, NVIDIA GeForce RTX 5070 Ti, 16.11, 0, 0, 2, 195, 405, 32, 1, 8
1791022397.532989072,2026/10/03 19:13:17.588, 3, NVIDIA GeForce RTX 5060 Ti, 19.66, 0, 0, 2472, 2610, 15051, 32, 5, 4
1791022398.607199651,2026/10/03 19:13:18.642, 0, NVIDIA GeForce RTX 5070 Ti, 103.69, 100, 48, 15212, 2280, 15051, 42, 5, 8
1791022398.607199651,2026/10/03 19:13:18.646, 1, NVIDIA GeForce RTX 5070 Ti, 8.09, 0, 0, 234, 195, 405, 28, 1, 4
1791022398.607199651,2026/10/03 19:13:18.651, 2, NVIDIA GeForce RTX 5070 Ti, 16.00, 0, 0, 2, 195, 405, 32, 1, 8
1791022398.607199651,2026/10/03 19:13:18.670, 3, NVIDIA GeForce RTX 5060 Ti, 19.83, 1, 0, 2472, 2625, 15051, 32, 5, 4
1791022399.689026518,2026/10/03 19:13:19.725, 0, NVIDIA GeForce RTX 5070 Ti, 102.56, 100, 46, 15212, 2280, 15051, 43, 5, 8
1791022399.689026518,2026/10/03 19:13:19.728, 1, NVIDIA GeForce RTX 5070 Ti, 8.11, 0, 0, 234, 195, 405, 28, 1, 4
1791022399.689026518,2026/10/03 19:13:19.733, 2, NVIDIA GeForce RTX 5070 Ti, 15.94, 0, 0, 2, 195, 405, 32, 1, 8
1791022399.689026518,2026/10/03 19:13:19.745, 3, NVIDIA GeForce RTX 5060 Ti, 19.74, 1, 0, 2472, 2617, 15051, 32, 5, 4
1791022400.765171355,2026/10/03 19:13:20.801, 0, NVIDIA GeForce RTX 5070 Ti, 101.17, 100, 38, 15212, 2280, 15051, 43, 5, 8
1791022400.765171355,2026/10/03 19:13:20.805, 1, NVIDIA GeForce RTX 5070 Ti, 8.09, 0, 0, 234, 195, 405, 28, 1, 4
1791022400.765171355,2026/10/03 19:13:20.810, 2, NVIDIA GeForce RTX 5070 Ti, 15.95, 0, 1, 2, 195, 405, 32, 1, 8
1791022400.765171355,2026/10/03 19:13:20.822, 3, NVIDIA GeForce RTX 5060 Ti, 19.95, 1, 0, 2472, 2617, 15051, 32, 5, 4
1791022401.841382155,2026/10/03 19:13:21.877, 0, NVIDIA GeForce RTX 5070 Ti, 99.17, 100, 36, 15212, 2287, 15051, 42, 5, 8
1791022401.841382155,2026/10/03 19:13:21.880, 1, NVIDIA GeForce RTX 5070 Ti, 8.04, 0, 0, 234, 195, 405, 28, 1, 4
1791022401.841382155,2026/10/03 19:13:21.885, 2, NVIDIA GeForce RTX 5070 Ti, 16.00, 0, 0, 2, 195, 405, 32, 1, 8
1791022401.841382155,2026/10/03 19:13:21.897, 3, NVIDIA GeForce RTX 5060 Ti, 19.98, 1, 0, 2472, 2617, 15051, 32, 5, 4
1791022402.916224801,2026/10/03 19:13:22.953, 0, NVIDIA GeForce RTX 5070 Ti, 95.33, 99, 39, 15212, 2280, 15051, 43, 5, 8
1791022402.916224801,2026/10/03 19:13:22.956, 1, NVIDIA GeForce RTX 5070 Ti, 8.03, 0, 0, 234, 195, 405, 28, 1, 4
1791022402.916224801,2026/10/03 19:13:22.961, 2, NVIDIA GeForce RTX 5070 Ti, 16.04, 0, 0, 2, 195, 405, 32, 1, 8
1791022402.916224801,2026/10/03 19:13:22.973, 3, NVIDIA GeForce RTX 5060 Ti, 20.25, 1, 0, 2472, 2625, 15051, 32, 5, 4
1791022403.991593277,2026/10/03 19:13:24.029, 0, NVIDIA GeForce RTX 5070 Ti, 98.19, 99, 29, 15212, 2280, 15051, 42, 5, 8
1791022403.991593277,2026/10/03 19:13:24.032, 1, NVIDIA GeForce RTX 5070 Ti, 8.04, 0, 0, 234, 195, 405, 28, 1, 4
1791022403.991593277,2026/10/03 19:13:24.037, 2, NVIDIA GeForce RTX 5070 Ti, 16.03, 0, 0, 2, 195, 405, 32, 1, 8
1791022403.991593277,2026/10/03 19:13:24.049, 3, NVIDIA GeForce RTX 5060 Ti, 20.04, 1, 0, 2472, 2617, 15051, 32, 5, 4
1791022405.068356539,2026/10/03 19:13:25.107, 0, NVIDIA GeForce RTX 5070 Ti, 97.76, 100, 40, 15212, 2280, 15051, 42, 5, 8
1791022405.068356539,2026/10/03 19:13:25.110, 1, NVIDIA GeForce RTX 5070 Ti, 7.91, 0, 0, 234, 195, 405, 28, 1, 4
1791022405.068356539,2026/10/03 19:13:25.115, 2, NVIDIA GeForce RTX 5070 Ti, 15.99, 0, 1, 2, 195, 405, 32, 1, 8
1791022405.068356539,2026/10/03 19:13:25.126, 3, NVIDIA GeForce RTX 5060 Ti, 20.26, 1, 0, 2472, 2617, 15051, 32, 5, 4
1791022406.145877852,2026/10/03 19:13:26.186, 0, NVIDIA GeForce RTX 5070 Ti, 100.10, 100, 33, 15212, 2280, 15051, 43, 5, 8
1791022406.145877852,2026/10/03 19:13:26.189, 1, NVIDIA GeForce RTX 5070 Ti, 8.14, 0, 0, 234, 195, 405, 28, 1, 4
1791022406.145877852,2026/10/03 19:13:26.193, 2, NVIDIA GeForce RTX 5070 Ti, 15.88, 0, 0, 2, 195, 405, 32, 1, 8
1791022406.145877852,2026/10/03 19:13:26.207, 3, NVIDIA GeForce RTX 5060 Ti, 19.78, 1, 0, 2472, 2617, 15051, 32, 5, 4
1791022407.225645476,2026/10/03 19:13:27.262, 0, NVIDIA GeForce RTX 5070 Ti, 101.50, 100, 42, 15212, 2280, 15051, 43, 5, 8
1791022407.225645476,2026/10/03 19:13:27.265, 1, NVIDIA GeForce RTX 5070 Ti, 8.14, 0, 0, 234, 195, 405, 28, 1, 4
1791022407.225645476,2026/10/03 19:13:27.270, 2, NVIDIA GeForce RTX 5070 Ti, 16.10, 0, 0, 2, 195, 405, 32, 1, 8
1791022407.225645476,2026/10/03 19:13:27.281, 3, NVIDIA GeForce RTX 5060 Ti, 20.04, 1, 0, 2472, 2617, 15051, 32, 5, 4
1791022408.301148887,2026/10/03 19:13:28.338, 0, NVIDIA GeForce RTX 5070 Ti, 101.27, 100, 41, 15212, 2280, 15051, 42, 5, 8
1791022408.301148887,2026/10/03 19:13:28.341, 1, NVIDIA GeForce RTX 5070 Ti, 8.14, 0, 0, 234, 195, 405, 28, 1, 4
1791022408.301148887,2026/10/03 19:13:28.346, 2, NVIDIA GeForce RTX 5070 Ti, 16.09, 0, 0, 2, 195, 405, 32, 1, 8
1791022408.301148887,2026/10/03 19:13:28.357, 3, NVIDIA GeForce RTX 5060 Ti, 20.08, 1, 0, 2472, 2610, 15051, 32, 5, 4
1791022409.376938981,2026/10/03 19:13:29.413, 0, NVIDIA GeForce RTX 5070 Ti, 105.33, 99, 33, 15212, 2280, 15051, 42, 5, 8
1791022409.376938981,2026/10/03 19:13:29.416, 1, NVIDIA GeForce RTX 5070 Ti, 8.14, 0, 0, 234, 195, 405, 28, 1, 4
1791022409.376938981,2026/10/03 19:13:29.421, 2, NVIDIA GeForce RTX 5070 Ti, 16.07, 0, 0, 2, 195, 405, 32, 1, 8
1791022409.376938981,2026/10/03 19:13:29.433, 3, NVIDIA GeForce RTX 5060 Ti, 19.98, 1, 0, 2472, 2625, 15051, 32, 5, 4
1791022410.452024855,2026/10/03 19:13:30.489, 0, NVIDIA GeForce RTX 5070 Ti, 103.48, 99, 37, 15212, 2280, 15051, 42, 5, 8
1791022410.452024855,2026/10/03 19:13:30.492, 1, NVIDIA GeForce RTX 5070 Ti, 8.14, 0, 0, 234, 195, 405, 28, 1, 4
1791022410.452024855,2026/10/03 19:13:30.497, 2, NVIDIA GeForce RTX 5070 Ti, 16.04, 0, 0, 2, 195, 405, 32, 1, 8
1791022410.452024855,2026/10/03 19:13:30.508, 3, NVIDIA GeForce RTX 5060 Ti, 19.64, 0, 0, 2472, 2595, 15051, 32, 5, 4
1791022411.527381661,2026/10/03 19:13:31.563, 0, NVIDIA GeForce RTX 5070 Ti, 100.52, 100, 42, 15212, 2280, 15051, 43, 5, 8
1791022411.527381661,2026/10/03 19:13:31.567, 1, NVIDIA GeForce RTX 5070 Ti, 7.97, 0, 0, 234, 195, 405, 28, 1, 4
1791022411.527381661,2026/10/03 19:13:31.572, 2, NVIDIA GeForce RTX 5070 Ti, 15.96, 0, 0, 2, 195, 405, 32, 1, 8
1791022411.527381661,2026/10/03 19:13:31.584, 3, NVIDIA GeForce RTX 5060 Ti, 20.07, 1, 0, 2472, 2625, 15051, 32, 5, 4
1791022412.603558520,2026/10/03 19:13:32.639, 0, NVIDIA GeForce RTX 5070 Ti, 98.57, 98, 41, 15212, 2280, 15051, 43, 5, 8
1791022412.603558520,2026/10/03 19:13:32.642, 1, NVIDIA GeForce RTX 5070 Ti, 8.00, 0, 0, 234, 195, 405, 28, 1, 4
1791022412.603558520,2026/10/03 19:13:32.647, 2, NVIDIA GeForce RTX 5070 Ti, 15.95, 0, 0, 2, 195, 405, 32, 1, 8
1791022412.603558520,2026/10/03 19:13:32.659, 3, NVIDIA GeForce RTX 5060 Ti, 20.25, 1, 0, 2472, 2632, 15051, 32, 5, 4
1791022413.685762052,2026/10/03 19:13:33.722, 0, NVIDIA GeForce RTX 5070 Ti, 99.26, 98, 44, 15212, 2280, 15051, 42, 5, 8
1791022413.685762052,2026/10/03 19:13:33.726, 1, NVIDIA GeForce RTX 5070 Ti, 8.10, 0, 0, 234, 195, 405, 28, 1, 4
1791022413.685762052,2026/10/03 19:13:33.730, 2, NVIDIA GeForce RTX 5070 Ti, 15.91, 0, 2, 2, 195, 405, 32, 1, 8
1791022413.685762052,2026/10/03 19:13:33.742, 3, NVIDIA GeForce RTX 5060 Ti, 20.03, 1, 0, 2472, 2610, 15051, 32, 5, 4
1791022414.761866338,2026/10/03 19:13:34.799, 0, NVIDIA GeForce RTX 5070 Ti, 99.83, 98, 39, 15212, 2280, 15051, 42, 5, 8
1791022414.761866338,2026/10/03 19:13:34.803, 1, NVIDIA GeForce RTX 5070 Ti, 8.17, 0, 0, 234, 195, 405, 28, 1, 4
1791022414.761866338,2026/10/03 19:13:34.807, 2, NVIDIA GeForce RTX 5070 Ti, 15.77, 0, 0, 2, 195, 405, 32, 1, 8
1791022414.761866338,2026/10/03 19:13:34.819, 3, NVIDIA GeForce RTX 5060 Ti, 19.94, 1, 0, 2472, 2610, 15051, 32, 5, 4
