epoch,mem_available_kib,mem_free_kib,cached_kib,swap_free_kib,gpu_index,gpu_power_w,gpu_util_pct,gpu_mem_mib
1791029183.965377489,107878292,45084000,60729100,15365016,0, 25.89, 0, 2
1791029185.288650361,117964588,55122112,63394084,15365016,0, 31.32, 1, 4962
1791029186.312989891,106303948,43463696,64585600,15365016,0, 28.67, 0, 5806
1791029187.334610161,92878568,30030252,64585600,15365016,0, 28.26, 0, 5806
1791029188.357003603,79439852,16591508,64585600,15365016,0, 28.25, 0, 5806
1791029189.379285390,66864020,4031784,64585600,15365016,0, 28.40, 0, 5834
1791029190.550180609,66846916,2355192,66251760,15365016,0, 29.29, 0, 5900
1791029191.578308301,66981572,2401648,66340888,15365016,0, 28.21, 0, 5900
1791029192.609609511,66970124,2419428,66303744,15365016,0, 28.27, 0, 5900
1791029193.641568258,66933332,2288508,66404560,15365016,0, 28.15, 0, 5900
1791029194.667653656,66901204,2148416,66499804,15365016,0, 28.42, 0, 5900
1791029195.697627772,65478292,1067124,66393608,15365016,0, 34.65, 2, 14822
1791029196.718970201,65194416,1064364,66088300,15365016,0, 63.08, 100, 15166
1791029197.744099153,65073860,944180,66088004,15365016,0, 93.11, 100, 15166
1791029198.769823599,65000792,871036,66088004,15365016,0, 80.63, 98, 15202
1791029199.794669249,64973216,1136820,65794628,15365016,0, 90.11, 98, 15202
1791029200.820196017,64835868,999472,65794628,15365016,0, 89.13, 100, 15202
1791029201.844240574,64721456,886068,65794620,15365016,0, 87.92, 85, 15202
1791029202.870150878,64723736,887340,65794628,15365016,0, 93.96, 98, 15202
1791029203.895835351,64568952,1025952,65501260,15365016,0, 91.95, 80, 15202
1791029204.920064137,64583040,1039988,65501260,15365016,0, 94.86, 100, 15202
1791029205.946338125,64471628,928576,65501260,15365016,0, 87.85, 99, 15202
1791029206.971400434,64470712,927664,65501256,15365016,0, 100.91, 99, 15202
1791029207.994818166,64333880,1084208,65207872,15365016,0, 92.78, 100, 15202
1791029209.019221589,64215004,965276,65207888,15365016,0, 88.19, 85, 15202
1791029210.043277917,64214040,964296,65207880,15365016,0, 96.07, 98, 15202
1791029211.068365597,64065184,1108812,64914512,15365016,0, 95.36, 100, 15202
1791029212.090648554,63954208,997828,64914512,15365016,0, 95.00, 100, 15202
1791029213.115365669,63962096,1005744,64914516,15365016,0, 90.19, 100, 15202
1791029214.140908228,64079984,1123604,64914516,15365016,0, 105.06, 100, 15202
1791029215.166248588,64072712,1116312,64914516,15365016,0, 91.44, 100, 15202
1791029216.192021005,63951664,995260,64914516,15365016,0, 88.58, 98, 15202
1791029217.217038823,63950692,994288,64914516,15365016,0, 102.40, 98, 15202
1791029218.241627502,64073840,1117464,64914516,15365016,0, 98.06, 100, 15202
1791029219.267485233,63948056,991648,64914516,15365016,0, 93.29, 100, 15202
1791029220.293416917,63942160,985736,64914520,15365016,0, 90.14, 99, 15208
1791029221.318990957,64048412,1091972,64914516,15365016,0, 93.86, 100, 15208
1791029222.344446772,64040412,1083972,64914508,15365016,0, 103.02, 100, 15208
1791029223.370676838,63925712,969296,64914516,15365016,0, 92.14, 99, 15208
1791029224.394740076,63928628,972212,64914516,15365016,0, 101.96, 99, 15208
1791029225.419776044,64044500,1088088,64914508,15365016,0, 97.84, 100, 15208
1791029226.445312642,63902660,945996,64914512,15365016,0, 103.89, 100, 15208
1791029227.471397582,63902304,945880,64914516,15365016,0, 91.64, 98, 15208
1791029228.496128028,64063972,1180628,64914516,15365016,0, 101.90, 98, 15208
1791029229.518351853,64027356,1070900,64914520,15365016,0, 98.43, 100, 15208
1791029230.543733485,63916948,960496,64914524,15365016,0, 97.16, 84, 15208
1791029231.569417898,63917792,961340,64914516,15365016,0, 93.45, 98, 15208
1791029232.597906375,64032364,1075908,64914520,15365016,0, 96.98, 50, 15208
1791029233.622802158,64037544,1081116,64914520,15365016,0, 99.87, 100, 15208
1791029234.648114667,63922616,966156,64914520,15365016,0, 89.89, 99, 15208
1791029235.673196646,63918656,962516,64914200,15365016,0, 96.26, 98, 15208
1791029236.696621999,64036568,1080428,64914200,15365016,0, 99.60, 100, 15208
1791029237.722653167,63924136,967996,64914200,15365016,0, 93.64, 99, 15208
1791029238.747934035,63920756,964400,64914524,15365016,0, 100.12, 98, 15208
1791029239.771819687,63936260,979900,64914528,15365016,0, 89.36, 0, 15208
1791029240.793155626,63937184,980664,64914524,15365016,0, 28.74, 0, 15208
1791029241.818171352,63938844,982312,64914524,15365016,0, 28.13, 0, 15208
1791029242.843056063,63931588,975056,64914540,15365016,0, 28.27, 0, 15208
1791029243.866716836,63934460,977928,64914540,15365016,0, 28.35, 0, 15208
1791029244.891388219,63930464,973960,64914540,15365016,0, 28.21, 0, 15208
1791029245.915496260,63928304,971772,64914540,15365016,0, 27.89, 0, 15208
1791029246.940867003,63929016,972484,64914540,15365016,0, 27.75, 0, 15208
1791029247.967652921,63929044,972512,64914540,15365016,0, 27.95, 0, 15208
1791029248.992609326,63924328,967792,64914540,15365016,0, 27.93, 0, 15208
1791029250.016394634,63933640,977064,64914580,15365016,0, 27.98, 0, 15208
1791029251.039760146,63926668,970064,64914600,15365016,0, 27.99, 0, 15208
1791029252.064484981,63925872,969268,64914608,15365016,0, 28.03, 0, 15208
1791029253.088515109,63924396,967788,64914608,15365016,0, 28.08, 0, 15208
1791029254.112275454,63914460,957832,64914624,15365016,0, 28.03, 0, 15208
1791029255.136131237,63940024,983400,64914620,15365016,0, 27.96, 0, 15208
1791029256.160325757,63943116,986492,64914616,15365016,0, 28.13, 0, 15208
1791029257.185471270,63935372,978672,64914620,15365016,0, 25.19, 0, 15208
1791029258.217351984,63933888,977188,64914620,15365016,0, 13.39, 0, 15208
1791029259.246513819,63932696,976024,64914620,15365016,0, 10.21, 0, 15208
1791029260.275963544,63937104,980404,64914616,15365016,0, 9.00, 0, 15208
1791029261.305203482,63931608,974804,64914764,15365016,0, 7.60, 0, 15208
1791029262.334901637,63894656,937816,64914776,15365016,0, 7.59, 0, 15208
1791029263.364024320,63890112,933196,64914812,15365016,0, 7.72, 0, 15208
1791029264.392447455,63883824,926908,64914812,15365016,0, 7.70, 0, 15208
1791029265.421047216,63881636,924636,64914868,15365016,0, 7.57, 0, 15208
1791029266.449218591,63877992,920988,64914872,15365016,0, 7.55, 0, 15208
