epoch,mem_available_kib,swap_free_kib,gpu_index,power_w,util_pct,mem_mib,pcie_gen,pcie_width
1791031819.519175046,120785196,15359268,0, 6.92, 0, 2, 1, 8
1791031819.519175046,120785196,15359268,1, 7.79, 0, 234, 1, 4
1791031819.519175046,120785196,15359268,2, 15.76, 0, 2, 1, 8
1791031819.519175046,120785196,15359268,3, 3.41, 0, 2, 1, 4
1791031820.603053792,119454620,15359268,0, 14.32, 32, 4962, 5, 8
1791031820.603053792,119454620,15359268,1, 7.86, 0, 234, 1, 4
1791031820.603053792,119454620,15359268,2, 16.30, 0, 2, 1, 8
1791031820.603053792,119454620,15359268,3, 3.79, 0, 2, 1, 4
1791031821.670133822,112026612,15359268,0, 37.08, 0, 5810, 5, 8
1791031821.670133822,112026612,15359268,1, 7.85, 0, 234, 1, 4
1791031821.670133822,112026612,15359268,2, 16.49, 0, 2, 1, 8
1791031821.670133822,112026612,15359268,3, 3.95, 0, 2, 1, 4
1791031822.762170527,103176520,15359268,0, 36.67, 0, 5810, 5, 8
1791031822.762170527,103176520,15359268,1, 7.81, 0, 234, 1, 4
1791031822.762170527,103176520,15359268,2, 15.98, 0, 2, 1, 8
1791031822.762170527,103176520,15359268,3, 3.55, 0, 2, 1, 4
1791031823.854535285,94336216,15359268,0, 36.71, 0, 5810, 5, 8
1791031823.854535285,94336216,15359268,1, 7.77, 0, 234, 1, 4
1791031823.854535285,94336216,15359268,2, 16.10, 0, 2, 1, 8
1791031823.854535285,94336216,15359268,3, 3.37, 0, 2, 1, 4
1791031824.956311842,85415344,15359268,0, 36.63, 0, 5810, 5, 8
1791031824.956311842,85415344,15359268,1, 7.78, 0, 234, 1, 4
1791031824.956311842,85415344,15359268,2, 16.03, 0, 2, 1, 8
1791031824.956311842,85415344,15359268,3, 3.39, 0, 2, 1, 4
1791031826.050990293,76550072,15359268,0, 36.67, 0, 5810, 5, 8
1791031826.050990293,76550072,15359268,1, 7.78, 0, 234, 1, 4
1791031826.050990293,76550072,15359268,2, 16.07, 0, 2, 1, 8
1791031826.050990293,76550072,15359268,3, 3.40, 0, 2, 1, 4
1791031827.145248817,67701196,15359268,0, 36.54, 0, 5810, 5, 8
1791031827.145248817,67701196,15359268,1, 7.77, 0, 234, 1, 4
1791031827.145248817,67701196,15359268,2, 16.07, 0, 2, 1, 8
1791031827.145248817,67701196,15359268,3, 3.35, 0, 2, 1, 4
1791031828.239435488,66109740,15359268,0, 36.86, 0, 5904, 5, 8
1791031828.239435488,66109740,15359268,1, 7.78, 0, 234, 1, 4
1791031828.239435488,66109740,15359268,2, 16.07, 0, 2, 1, 8
1791031828.239435488,66109740,15359268,3, 3.36, 0, 2, 1, 4
1791031829.344029608,66113984,15359268,0, 36.50, 0, 5904, 5, 8
1791031829.344029608,66113984,15359268,1, 7.72, 0, 234, 1, 4
1791031829.344029608,66113984,15359268,2, 16.08, 0, 2, 1, 8
1791031829.344029608,66113984,15359268,3, 3.43, 0, 2, 1, 4
1791031830.449865788,66118360,15359268,0, 36.70, 0, 5904, 5, 8
1791031830.449865788,66118360,15359268,1, 7.79, 0, 234, 1, 4
1791031830.449865788,66118360,15359268,2, 16.10, 0, 2, 1, 8
1791031830.449865788,66118360,15359268,3, 3.51, 0, 2, 1, 4
1791031831.563052084,65622900,15327860,0, 36.72, 0, 5904, 5, 8
1791031831.563052084,65622900,15327860,1, 7.84, 0, 234, 1, 4
1791031831.563052084,65622900,15327860,2, 16.09, 0, 2, 1, 8
1791031831.563052084,65622900,15327860,3, 3.47, 0, 2, 1, 4
1791031832.664870433,66515248,15316068,0, 36.40, 0, 5904, 5, 8
1791031832.664870433,66515248,15316068,1, 7.66, 0, 234, 1, 4
1791031832.664870433,66515248,15316068,2, 16.09, 0, 2, 1, 8
1791031832.664870433,66515248,15316068,3, 3.44, 0, 2, 1, 4
1791031833.768208382,65766504,15315080,0, 39.99, 87, 14654, 5, 8
1791031833.768208382,65766504,15315080,1, 7.62, 0, 234, 1, 4
1791031833.768208382,65766504,15315080,2, 16.11, 0, 2, 1, 8
1791031833.768208382,65766504,15315080,3, 3.44, 0, 2, 1, 4
1791031834.865104192,64660452,15315084,0, 37.22, 0, 15120, 5, 8
1791031834.865104192,64660452,15315084,1, 7.67, 0, 234, 1, 4
1791031834.865104192,64660452,15315084,2, 15.98, 0, 2, 1, 8
1791031834.865104192,64660452,15315084,3, 3.36, 0, 2, 1, 4
1791031835.994047592,61821912,15310840,0, 36.58, 0, 15120, 5, 8
1791031835.994047592,61821912,15310840,1, 15.50, 82, 5195, 5, 4
1791031835.994047592,61821912,15310840,2, 16.84, 0, 2, 1, 8
1791031835.994047592,61821912,15310840,3, 3.80, 0, 2, 1, 4
1791031837.096731926,60314380,15310828,0, 36.76, 0, 15120, 5, 8
1791031837.096731926,60314380,15310828,1, 31.83, 0, 6039, 5, 4
1791031837.096731926,60314380,15310828,2, 16.19, 0, 2, 1, 8
1791031837.096731926,60314380,15310828,3, 4.24, 0, 2, 1, 4
1791031838.184156145,59523780,15310828,0, 36.92, 0, 15120, 5, 8
1791031838.184156145,59523780,15310828,1, 31.40, 0, 14513, 5, 4
1791031838.184156145,59523780,15310828,2, 16.09, 0, 2, 1, 8
1791031838.184156145,59523780,15310828,3, 3.51, 0, 2, 1, 4
1791031839.278060055,58090660,15310828,0, 36.91, 0, 15120, 5, 8
1791031839.278060055,58090660,15310828,1, 36.33, 4, 14821, 5, 4
1791031839.278060055,58090660,15310828,2, 15.98, 0, 2, 1, 8
1791031839.278060055,58090660,15310828,3, 3.53, 0, 2, 1, 4
1791031840.367696923,57337672,15310828,0, 36.51, 0, 15120, 5, 8
1791031840.367696923,57337672,15310828,1, 31.75, 0, 15119, 5, 4
1791031840.367696923,57337672,15310828,2, 15.96, 0, 3106, 5, 8
1791031840.367696923,57337672,15310828,3, 3.81, 0, 2, 1, 4
1791031841.426423257,53279484,15310304,0, 36.57, 0, 15120, 5, 8
1791031841.426423257,53279484,15310304,1, 31.41, 0, 15119, 5, 4
1791031841.426423257,53279484,15310304,2, 42.37, 0, 5810, 5, 8
1791031841.426423257,53279484,15310304,3, 3.96, 0, 2, 1, 4
1791031842.491929364,53136024,15310304,0, 36.65, 0, 15120, 5, 8
1791031842.491929364,53136024,15310304,1, 31.41, 0, 15119, 5, 4
1791031842.491929364,53136024,15310304,2, 41.26, 0, 5810, 5, 8
1791031842.491929364,53136024,15310304,3, 3.53, 0, 2, 1, 4
1791031843.558729433,52643548,15310288,0, 36.90, 0, 15120, 5, 8
1791031843.558729433,52643548,15310288,1, 31.42, 0, 15119, 5, 4
1791031843.558729433,52643548,15310288,2, 45.07, 88, 14576, 5, 8
1791031843.558729433,52643548,15310288,3, 3.47, 0, 2, 1, 4
1791031844.626211129,51449292,15310288,0, 36.66, 0, 15120, 5, 8
1791031844.626211129,51449292,15310288,1, 31.49, 0, 15119, 5, 4
1791031844.626211129,51449292,15310288,2, 43.25, 0, 15120, 5, 8
1791031844.626211129,51449292,15310288,3, 3.42, 0, 2, 1, 4
1791031845.692218206,51505300,15310288,0, 36.67, 0, 15120, 5, 8
1791031845.692218206,51505300,15310288,1, 31.40, 0, 15119, 5, 4
1791031845.692218206,51505300,15310288,2, 41.14, 0, 15120, 5, 8
1791031845.692218206,51505300,15310288,3, 3.47, 0, 2, 1, 4
1791031846.759209942,51465796,15310288,0, 36.73, 0, 15120, 5, 8
1791031846.759209942,51465796,15310288,1, 31.35, 0, 15119, 5, 4
1791031846.759209942,51465796,15310288,2, 41.04, 0, 15120, 5, 8
1791031846.759209942,51465796,15310288,3, 3.51, 0, 2, 1, 4
1791031847.827251731,51419216,15310288,0, 36.81, 0, 15120, 5, 8
1791031847.827251731,51419216,15310288,1, 31.40, 0, 15119, 5, 4
1791031847.827251731,51419216,15310288,2, 41.00, 0, 15120, 5, 8
1791031847.827251731,51419216,15310288,3, 3.40, 0, 2, 1, 4
1791031848.901151876,51406236,15310288,0, 36.69, 0, 15120, 5, 8
1791031848.901151876,51406236,15310288,1, 31.39, 0, 15119, 5, 4
1791031848.901151876,51406236,15310288,2, 41.08, 0, 15120, 5, 8
1791031848.901151876,51406236,15310288,3, 3.48, 0, 2, 1, 4
1791031849.972771879,51416436,15310288,0, 36.80, 0, 15120, 5, 8
1791031849.972771879,51416436,15310288,1, 31.38, 0, 15119, 5, 4
1791031849.972771879,51416436,15310288,2, 41.11, 0, 15120, 5, 8
1791031849.972771879,51416436,15310288,3, 3.56, 0, 2, 1, 4
1791031851.042365719,51414560,15310288,0, 36.81, 0, 15120, 5, 8
1791031851.042365719,51414560,15310288,1, 31.31, 0, 15119, 5, 4
1791031851.042365719,51414560,15310288,2, 41.07, 0, 15120, 5, 8
1791031851.042365719,51414560,15310288,3, 3.55, 0, 2, 1, 4
1791031852.111727371,51416724,15310288,0, 17.07, 0, 15120, 2, 8
1791031852.111727371,51416724,15310288,1, 31.37, 0, 15119, 5, 4
1791031852.111727371,51416724,15310288,2, 41.07, 0, 15120, 5, 8
1791031852.111727371,51416724,15310288,3, 3.49, 0, 2, 1, 4
1791031853.187536044,51411324,15310288,0, 9.56, 0, 15120, 2, 8
1791031853.187536044,51411324,15310288,1, 31.40, 0, 15119, 5, 4
1791031853.187536044,51411324,15310288,2, 40.99, 0, 15120, 5, 8
1791031853.187536044,51411324,15310288,3, 3.56, 0, 2, 1, 4
1791031854.260503111,51409148,15310288,0, 8.80, 0, 15120, 1, 8
1791031854.260503111,51409148,15310288,1, 31.40, 0, 15119, 5, 4
1791031854.260503111,51409148,15310288,2, 41.01, 0, 15120, 5, 8
1791031854.260503111,51409148,15310288,3, 3.55, 0, 2, 1, 4
1791031855.333250288,51397756,15310288,0, 7.33, 0, 15120, 1, 8
1791031855.333250288,51397756,15310288,1, 31.43, 0, 15119, 5, 4
1791031855.333250288,51397756,15310288,2, 41.08, 0, 15120, 5, 8
1791031855.333250288,51397756,15310288,3, 3.49, 0, 2, 1, 4
1791031856.410377224,51389588,15310288,0, 7.32, 0, 15120, 1, 8
1791031856.410377224,51389588,15310288,1, 30.92, 0, 15119, 5, 4
1791031856.410377224,51389588,15310288,2, 41.18, 0, 15120, 5, 8
1791031856.410377224,51389588,15310288,3, 3.48, 0, 2, 1, 4
1791031857.490007490,51390644,15310288,0, 7.03, 0, 15120, 1, 8
1791031857.490007490,51390644,15310288,1, 16.07, 0, 15119, 2, 4
1791031857.490007490,51390644,15310288,2, 41.16, 0, 15120, 5, 8
1791031857.490007490,51390644,15310288,3, 3.51, 0, 2, 1, 4
1791031858.568496600,51392720,15310288,0, 6.82, 0, 15120, 1, 8
1791031858.568496600,51392720,15310288,1, 11.07, 0, 15119, 1, 4
1791031858.568496600,51392720,15310288,2, 41.18, 0, 15120, 5, 8
1791031858.568496600,51392720,15310288,3, 3.49, 0, 2, 1, 4
1791031859.647460157,51392688,15310288,0, 6.82, 0, 15120, 1, 8
1791031859.647460157,51392688,15310288,1, 9.27, 0, 15119, 1, 4
1791031859.647460157,51392688,15310288,2, 41.04, 0, 15120, 5, 8
1791031859.647460157,51392688,15310288,3, 3.55, 0, 2, 1, 4
1791031860.727395603,51393512,15310288,0, 6.84, 0, 15120, 1, 8
1791031860.727395603,51393512,15310288,1, 7.80, 0, 15119, 1, 4
1791031860.727395603,51393512,15310288,2, 41.20, 0, 15120, 5, 8
1791031860.727395603,51393512,15310288,3, 3.54, 0, 2, 1, 4
1791031861.807824800,51389104,15310288,0, 6.94, 0, 15120, 1, 8
1791031861.807824800,51389104,15310288,1, 7.83, 0, 15119, 1, 4
1791031861.807824800,51389104,15310288,2, 41.23, 0, 15120, 5, 8
1791031861.807824800,51389104,15310288,3, 3.44, 0, 2, 1, 4
1791031862.887412595,51398064,15310288,0, 6.92, 0, 15120, 1, 8
1791031862.887412595,51398064,15310288,1, 7.87, 0, 15119, 1, 4
1791031862.887412595,51398064,15310288,2, 27.01, 0, 15120, 2, 8
1791031862.887412595,51398064,15310288,3, 3.43, 0, 2, 1, 4
1791031863.975983982,51398856,15310288,0, 6.89, 0, 15120, 1, 8
1791031863.975983982,51398856,15310288,1, 7.85, 0, 15119, 1, 4
1791031863.975983982,51398856,15310288,2, 20.11, 0, 15120, 1, 8
1791031863.975983982,51398856,15310288,3, 3.45, 0, 2, 1, 4
1791031865.060931251,51406060,15310288,0, 6.93, 0, 15120, 1, 8
1791031865.060931251,51406060,15310288,1, 7.74, 0, 15119, 1, 4
1791031865.060931251,51406060,15310288,2, 16.37, 0, 15120, 1, 8
1791031865.060931251,51406060,15310288,3, 3.45, 0, 2, 1, 4
1791031866.144215373,51398084,15310288,0, 6.95, 0, 15120, 1, 8
1791031866.144215373,51398084,15310288,1, 7.78, 0, 15119, 1, 4
1791031866.144215373,51398084,15310288,2, 15.87, 0, 15120, 1, 8
1791031866.144215373,51398084,15310288,3, 3.43, 0, 2, 1, 4
1791031867.228116300,51394788,15310288,0, 7.03, 0, 15120, 1, 8
1791031867.228116300,51394788,15310288,1, 7.78, 0, 15119, 1, 4
1791031867.228116300,51394788,15310288,2, 15.82, 0, 15120, 1, 8
1791031867.228116300,51394788,15310288,3, 3.45, 0, 2, 1, 4
1791031868.312991727,51397664,15310288,0, 6.97, 0, 15120, 1, 8
1791031868.312991727,51397664,15310288,1, 7.68, 0, 15119, 1, 4
1791031868.312991727,51397664,15310288,2, 15.82, 0, 15120, 1, 8
1791031868.312991727,51397664,15310288,3, 3.47, 0, 2, 1, 4
1791031869.406842914,51398136,15310288,0, 7.11, 0, 15120, 1, 8
1791031869.406842914,51398136,15310288,1, 7.61, 0, 15119, 1, 4
1791031869.406842914,51398136,15310288,2, 15.75, 0, 15120, 1, 8
1791031869.406842914,51398136,15310288,3, 3.41, 0, 2, 1, 4
1791031870.490545696,51388844,15310288,0, 7.05, 0, 15120, 1, 8
1791031870.490545696,51388844,15310288,1, 7.57, 0, 15119, 1, 4
1791031870.490545696,51388844,15310288,2, 15.71, 0, 15120, 1, 8
1791031870.490545696,51388844,15310288,3, 3.39, 0, 2, 1, 4
1791031871.575481933,51384488,15310288,0, 6.90, 0, 15120, 1, 8
1791031871.575481933,51384488,15310288,1, 7.69, 0, 15119, 1, 4
1791031871.575481933,51384488,15310288,2, 15.85, 0, 15120, 1, 8
1791031871.575481933,51384488,15310288,3, 3.38, 0, 2, 1, 4
1791031872.661033908,51387584,15310288,0, 6.91, 0, 15120, 1, 8
1791031872.661033908,51387584,15310288,1, 7.67, 0, 15119, 1, 4
1791031872.661033908,51387584,15310288,2, 15.83, 0, 15120, 1, 8
1791031872.661033908,51387584,15310288,3, 3.42, 0, 2, 1, 4
1791031873.746672735,51386872,15310288,0, 6.89, 0, 15120, 1, 8
1791031873.746672735,51386872,15310288,1, 7.72, 0, 15119, 1, 4
1791031873.746672735,51386872,15310288,2, 15.85, 0, 15120, 1, 8
1791031873.746672735,51386872,15310288,3, 3.56, 0, 2, 1, 4
1791031874.832697178,51386372,15310288,0, 6.95, 0, 15120, 1, 8
1791031874.832697178,51386372,15310288,1, 7.70, 0, 15119, 1, 4
1791031874.832697178,51386372,15310288,2, 15.85, 0, 15120, 1, 8
1791031874.832697178,51386372,15310288,3, 3.49, 0, 2, 1, 4
1791031875.921517824,51397760,15310288,0, 6.98, 0, 15120, 1, 8
1791031875.921517824,51397760,15310288,1, 7.71, 0, 15119, 1, 4
1791031875.921517824,51397760,15310288,2, 15.86, 0, 15120, 1, 8
1791031875.921517824,51397760,15310288,3, 3.41, 0, 2, 1, 4
1791031877.007474215,51402276,15310288,0, 7.45, 0, 15120, 1, 8
1791031877.007474215,51402276,15310288,1, 7.84, 0, 15119, 1, 4
1791031877.007474215,51402276,15310288,2, 15.86, 0, 15120, 1, 8
1791031877.007474215,51402276,15310288,3, 3.37, 0, 2, 1, 4
1791031878.093456556,51404940,15310288,0, 6.78, 0, 15120, 1, 8
1791031878.093456556,51404940,15310288,1, 7.81, 0, 15119, 1, 4
1791031878.093456556,51404940,15310288,2, 15.84, 0, 15120, 1, 8
1791031878.093456556,51404940,15310288,3, 3.42, 0, 2, 1, 4
1791031879.178570342,50400108,15310288,0, 49.69, 100, 15176, 5, 8
1791031879.178570342,50400108,15310288,1, 34.34, 100, 15163, 5, 4
1791031879.178570342,50400108,15310288,2, 35.90, 100, 15176, 5, 8
1791031879.178570342,50400108,15310288,3, 3.70, 0, 2, 1, 4
1791031880.261151326,51894292,15310288,0, 45.54, 0, 15190, 5, 8
1791031880.261151326,51894292,15310288,1, 55.43, 0, 15205, 5, 4
1791031880.261151326,51894292,15310288,2, 61.78, 0, 15154, 5, 8
1791031880.261151326,51894292,15310288,3, 4.19, 0, 2, 1, 4
1791031881.328098641,57113588,15310288,0, 36.61, 0, 15190, 5, 8
1791031881.328098641,57113588,15310288,1, 31.48, 0, 15205, 5, 4
1791031881.328098641,57113588,15310288,2, 43.20, 0, 2, 5, 8
1791031881.328098641,57113588,15310288,3, 3.39, 0, 2, 1, 4
1791031882.395817346,57112108,15310288,0, 36.62, 0, 15190, 5, 8
1791031882.395817346,57112108,15310288,1, 31.31, 0, 15205, 5, 4
1791031882.395817346,57112108,15310288,2, 41.38, 0, 2, 5, 8
1791031882.395817346,57112108,15310288,3, 3.41, 0, 2, 1, 4
1791031883.466492880,57121800,15310288,0, 36.80, 0, 15190, 5, 8
1791031883.466492880,57121800,15310288,1, 31.37, 0, 15205, 5, 4
1791031883.466492880,57121800,15310288,2, 37.99, 0, 2, 5, 8
1791031883.466492880,57121800,15310288,3, 3.42, 0, 2, 1, 4
1791031884.538161245,57128152,15310288,0, 36.73, 0, 15190, 5, 8
1791031884.538161245,57128152,15310288,1, 31.31, 0, 15205, 5, 4
1791031884.538161245,57128152,15310288,2, 34.44, 0, 2, 5, 8
1791031884.538161245,57128152,15310288,3, 3.38, 0, 2, 1, 4
1791031885.610670415,57128356,15310288,0, 36.90, 0, 15190, 5, 8
1791031885.610670415,57128356,15310288,1, 31.37, 0, 15205, 5, 4
1791031885.610670415,57128356,15310288,2, 30.99, 0, 2, 2, 8
1791031885.610670415,57128356,15310288,3, 3.39, 0, 2, 1, 4
1791031886.685991857,57121676,15310288,0, 36.88, 0, 15190, 5, 8
1791031886.685991857,57121676,15310288,1, 31.36, 0, 15205, 5, 4
1791031886.685991857,57121676,15310288,2, 26.42, 0, 2, 2, 8
1791031886.685991857,57121676,15310288,3, 3.35, 0, 2, 1, 4
1791031887.758619301,57128556,15310288,0, 36.84, 0, 15190, 5, 8
1791031887.758619301,57128556,15310288,1, 31.34, 0, 15205, 5, 4
1791031887.758619301,57128556,15310288,2, 21.68, 0, 2, 1, 8
1791031887.758619301,57128556,15310288,3, 3.36, 0, 2, 1, 4
1791031888.833047217,57138188,15310288,0, 36.93, 0, 15190, 5, 8
1791031888.833047217,57138188,15310288,1, 31.36, 0, 15205, 5, 4
1791031888.833047217,57138188,15310288,2, 16.81, 0, 2, 1, 8
1791031888.833047217,57138188,15310288,3, 3.34, 0, 2, 1, 4
1791031889.905761684,57165696,15310288,0, 36.90, 0, 15190, 5, 8
1791031889.905761684,57165696,15310288,1, 31.25, 0, 15205, 5, 4
1791031889.905761684,57165696,15310288,2, 15.95, 0, 2, 1, 8
1791031889.905761684,57165696,15310288,3, 3.40, 0, 2, 1, 4
1791031890.980881298,57107308,15310288,0, 36.94, 0, 15190, 5, 8
1791031890.980881298,57107308,15310288,1, 31.17, 0, 15205, 5, 4
1791031890.980881298,57107308,15310288,2, 15.91, 0, 2, 1, 8
1791031890.980881298,57107308,15310288,3, 3.46, 0, 2, 1, 4
1791031892.051180378,57089628,15310288,0, 36.92, 0, 15190, 5, 8
1791031892.051180378,57089628,15310288,1, 31.29, 0, 15205, 5, 4
1791031892.051180378,57089628,15310288,2, 15.90, 0, 2, 1, 8
1791031892.051180378,57089628,15310288,3, 3.46, 0, 2, 1, 4
1791031893.124726880,57101788,15310288,0, 36.85, 0, 15190, 5, 8
1791031893.124726880,57101788,15310288,1, 31.33, 0, 15205, 5, 4
1791031893.124726880,57101788,15310288,2, 15.95, 0, 2, 1, 8
1791031893.124726880,57101788,15310288,3, 3.60, 0, 2, 1, 4
1791031894.199000097,57120356,15310288,0, 36.65, 0, 15190, 5, 8
1791031894.199000097,57120356,15310288,1, 31.37, 0, 15205, 5, 4
1791031894.199000097,57120356,15310288,2, 15.76, 0, 2, 1, 8
1791031894.199000097,57120356,15310288,3, 3.56, 0, 2, 1, 4
1791031895.272935504,57117660,15310288,0, 36.92, 0, 15190, 5, 8
1791031895.272935504,57117660,15310288,1, 31.31, 0, 15205, 5, 4
1791031895.272935504,57117660,15310288,2, 15.83, 0, 2, 1, 8
1791031895.272935504,57117660,15310288,3, 3.45, 0, 2, 1, 4
1791031896.348316917,57108788,15310288,0, 36.82, 0, 15190, 5, 8
1791031896.348316917,57108788,15310288,1, 30.91, 0, 15205, 5, 4
1791031896.348316917,57108788,15310288,2, 15.87, 0, 2, 1, 8
1791031896.348316917,57108788,15310288,3, 3.44, 0, 2, 1, 4
1791031897.434572489,57093316,15310292,0, 15.44, 0, 15190, 2, 8
1791031897.434572489,57093316,15310292,1, 18.24, 0, 15205, 2, 4
1791031897.434572489,57093316,15310292,2, 15.83, 0, 2, 1, 8
1791031897.434572489,57093316,15310292,3, 3.41, 0, 2, 1, 4
1791031898.518914175,57104036,15310292,0, 10.13, 0, 15190, 2, 8
1791031898.518914175,57104036,15310292,1, 11.13, 0, 15205, 1, 4
1791031898.518914175,57104036,15310292,2, 15.80, 0, 2, 1, 8
1791031898.518914175,57104036,15310292,3, 3.42, 0, 2, 1, 4
1791031899.604423748,57102320,15310292,0, 7.68, 0, 15190, 1, 8
1791031899.604423748,57102320,15310292,1, 9.59, 0, 15205, 1, 4
1791031899.604423748,57102320,15310292,2, 15.86, 0, 2, 1, 8
1791031899.604423748,57102320,15310292,3, 3.44, 0, 2, 1, 4
1791031900.689448821,57112584,15310292,0, 7.17, 0, 15190, 1, 8
1791031900.689448821,57112584,15310292,1, 7.96, 0, 15205, 1, 4
1791031900.689448821,57112584,15310292,2, 15.84, 0, 2, 1, 8
1791031900.689448821,57112584,15310292,3, 3.43, 0, 2, 1, 4
1791031901.774562867,57115416,15310292,0, 7.10, 0, 15190, 1, 8
1791031901.774562867,57115416,15310292,1, 7.91, 0, 15205, 1, 4
1791031901.774562867,57115416,15310292,2, 15.81, 0, 2, 1, 8
1791031901.774562867,57115416,15310292,3, 3.41, 0, 2, 1, 4
1791031902.860069179,57095752,15310292,0, 7.05, 0, 15190, 1, 8
1791031902.860069179,57095752,15310292,1, 7.93, 0, 15205, 1, 4
1791031902.860069179,57095752,15310292,2, 15.73, 0, 2, 1, 8
1791031902.860069179,57095752,15310292,3, 3.33, 0, 2, 1, 4
1791031903.939805819,57093156,15310292,0, 7.03, 0, 15190, 1, 8
1791031903.939805819,57093156,15310292,1, 7.93, 0, 15205, 1, 4
1791031903.939805819,57093156,15310292,2, 15.66, 0, 2, 1, 8
1791031903.939805819,57093156,15310292,3, 3.33, 0, 2, 1, 4
1791031905.025816682,57099452,15310292,0, 6.84, 0, 15190, 1, 8
1791031905.025816682,57099452,15310292,1, 7.85, 0, 15205, 1, 4
1791031905.025816682,57099452,15310292,2, 15.68, 0, 2, 1, 8
1791031905.025816682,57099452,15310292,3, 3.32, 0, 2, 1, 4
1791031906.111447356,57099528,15310292,0, 6.79, 0, 15190, 1, 8
1791031906.111447356,57099528,15310292,1, 7.95, 0, 15205, 1, 4
1791031906.111447356,57099528,15310292,2, 15.73, 0, 2, 1, 8
1791031906.111447356,57099528,15310292,3, 3.43, 0, 2, 1, 4
1791031907.194990159,57115448,15310292,0, 6.77, 0, 15190, 1, 8
1791031907.194990159,57115448,15310292,1, 7.90, 0, 15205, 1, 4
1791031907.194990159,57115448,15310292,2, 15.78, 0, 2, 1, 8
1791031907.194990159,57115448,15310292,3, 3.39, 0, 2, 1, 4
1791031908.278576943,57094756,15310292,0, 6.86, 0, 15190, 1, 8
1791031908.278576943,57094756,15310292,1, 7.91, 0, 15205, 1, 4
1791031908.278576943,57094756,15310292,2, 15.75, 0, 2, 1, 8
1791031908.278576943,57094756,15310292,3, 3.36, 0, 2, 1, 4
1791031909.360417188,57094168,15310292,0, 6.88, 0, 15190, 1, 8
1791031909.360417188,57094168,15310292,1, 7.84, 0, 15205, 1, 4
1791031909.360417188,57094168,15310292,2, 15.70, 0, 2, 1, 8
1791031909.360417188,57094168,15310292,3, 3.36, 0, 2, 1, 4
1791031910.447358777,57083668,15310292,0, 6.84, 0, 15190, 1, 8
1791031910.447358777,57083668,15310292,1, 7.88, 0, 15205, 1, 4
1791031910.447358777,57083668,15310292,2, 15.68, 0, 2, 1, 8
1791031910.447358777,57083668,15310292,3, 3.35, 0, 2, 1, 4
1791031911.532397229,57091384,15310292,0, 6.91, 0, 15190, 1, 8
1791031911.532397229,57091384,15310292,1, 7.88, 0, 15205, 1, 4
1791031911.532397229,57091384,15310292,2, 15.70, 0, 2, 1, 8
1791031911.532397229,57091384,15310292,3, 3.35, 0, 2, 1, 4
1791031912.615605699,57114372,15310292,0, 6.92, 0, 15190, 1, 8
1791031912.615605699,57114372,15310292,1, 7.84, 0, 15205, 1, 4
1791031912.615605699,57114372,15310292,2, 15.76, 0, 2, 1, 8
1791031912.615605699,57114372,15310292,3, 3.38, 0, 2, 1, 4
1791031913.698106218,57110212,15310292,0, 6.88, 0, 15190, 1, 8
1791031913.698106218,57110212,15310292,1, 7.83, 0, 15205, 1, 4
1791031913.698106218,57110212,15310292,2, 15.76, 0, 2, 1, 8
1791031913.698106218,57110212,15310292,3, 3.40, 0, 2, 1, 4
1791031914.781096029,57107688,15310292,0, 6.93, 0, 15190, 1, 8
1791031914.781096029,57107688,15310292,1, 7.84, 0, 15205, 1, 4
1791031914.781096029,57107688,15310292,2, 15.70, 0, 2, 1, 8
1791031914.781096029,57107688,15310292,3, 3.36, 0, 2, 1, 4
1791031915.864386170,57103776,15310292,0, 6.87, 0, 15190, 1, 8
1791031915.864386170,57103776,15310292,1, 7.88, 0, 15205, 1, 4
1791031915.864386170,57103776,15310292,2, 15.64, 0, 2, 1, 8
1791031915.864386170,57103776,15310292,3, 3.38, 0, 2, 1, 4
1791031916.953818301,57107552,15310292,0, 6.89, 0, 15190, 1, 8
1791031916.953818301,57107552,15310292,1, 7.91, 0, 15205, 1, 4
1791031916.953818301,57107552,15310292,2, 15.59, 0, 2, 1, 8
1791031916.953818301,57107552,15310292,3, 3.35, 0, 2, 1, 4
1791031918.037816101,57110924,15310292,0, 7.01, 0, 15190, 1, 8
1791031918.037816101,57110924,15310292,1, 7.77, 0, 15205, 1, 4
1791031918.037816101,57110924,15310292,2, 15.55, 0, 2, 1, 8
1791031918.037816101,57110924,15310292,3, 3.40, 0, 2, 1, 4
1791031919.119462507,57093024,15310292,0, 7.06, 0, 15190, 1, 8
1791031919.119462507,57093024,15310292,1, 7.81, 0, 15205, 1, 4
1791031919.119462507,57093024,15310292,2, 15.67, 0, 2, 1, 8
1791031919.119462507,57093024,15310292,3, 3.40, 0, 2, 1, 4
1791031920.203388235,57103284,15310292,0, 6.95, 0, 15190, 1, 8
1791031920.203388235,57103284,15310292,1, 7.82, 0, 15205, 1, 4
1791031920.203388235,57103284,15310292,2, 15.67, 0, 2, 1, 8
1791031920.203388235,57103284,15310292,3, 3.40, 0, 2, 1, 4
1791031921.289977110,57081616,15310292,0, 6.97, 0, 15190, 1, 8
1791031921.289977110,57081616,15310292,1, 7.81, 0, 15205, 1, 4
1791031921.289977110,57081616,15310292,2, 15.68, 0, 2, 1, 8
1791031921.289977110,57081616,15310292,3, 3.38, 0, 2, 1, 4
1791031922.373595027,57090336,15310292,0, 6.97, 0, 15190, 1, 8
1791031922.373595027,57090336,15310292,1, 7.72, 0, 15205, 1, 4
1791031922.373595027,57090336,15310292,2, 15.65, 0, 2, 1, 8
1791031922.373595027,57090336,15310292,3, 3.32, 0, 2, 1, 4
1791031923.460387901,57108968,15310292,0, 6.97, 0, 15190, 1, 8
1791031923.460387901,57108968,15310292,1, 7.74, 0, 15205, 1, 4
1791031923.460387901,57108968,15310292,2, 15.66, 0, 2, 1, 8
1791031923.460387901,57108968,15310292,3, 3.31, 0, 2, 1, 4
1791031924.544088989,57099228,15310292,0, 7.26, 0, 15190, 1, 8
1791031924.544088989,57099228,15310292,1, 7.78, 0, 15205, 1, 4
1791031924.544088989,57099228,15310292,2, 15.66, 0, 2, 1, 8
1791031924.544088989,57099228,15310292,3, 3.28, 0, 2, 1, 4
1791031925.631619012,57103528,15310292,0, 7.11, 0, 15190, 1, 8
1791031925.631619012,57103528,15310292,1, 7.89, 0, 15205, 1, 4
1791031925.631619012,57103528,15310292,2, 15.58, 0, 2, 1, 8
1791031925.631619012,57103528,15310292,3, 3.40, 0, 2, 1, 4
1791031926.716013349,57106240,15310292,0, 6.91, 0, 15190, 1, 8
1791031926.716013349,57106240,15310292,1, 7.91, 0, 15205, 1, 4
1791031926.716013349,57106240,15310292,2, 15.60, 0, 2, 1, 8
1791031926.716013349,57106240,15310292,3, 3.40, 0, 2, 1, 4
1791031927.801941977,57108288,15310292,0, 6.89, 0, 15190, 1, 8
1791031927.801941977,57108288,15310292,1, 7.89, 0, 15205, 1, 4
1791031927.801941977,57108288,15310292,2, 15.73, 0, 2, 1, 8
1791031927.801941977,57108288,15310292,3, 3.39, 0, 2, 1, 4
1791031928.884745640,57119132,15310292,0, 6.94, 0, 15190, 1, 8
1791031928.884745640,57119132,15310292,1, 7.84, 0, 15205, 1, 4
1791031928.884745640,57119132,15310292,2, 15.78, 0, 2, 1, 8
1791031928.884745640,57119132,15310292,3, 3.37, 0, 2, 1, 4
1791031929.975896549,57099232,15310292,0, 6.95, 0, 15190, 1, 8
1791031929.975896549,57099232,15310292,1, 7.89, 0, 15205, 1, 4
1791031929.975896549,57099232,15310292,2, 15.75, 0, 2, 1, 8
1791031929.975896549,57099232,15310292,3, 3.38, 0, 2, 1, 4
1791031931.061885991,57108900,15310292,0, 6.97, 0, 15190, 1, 8
1791031931.061885991,57108900,15310292,1, 7.93, 0, 15205, 1, 4
1791031931.061885991,57108900,15310292,2, 15.73, 0, 2, 1, 8
1791031931.061885991,57108900,15310292,3, 3.29, 0, 2, 1, 4
1791031932.145424183,57110252,15310292,0, 7.09, 0, 15190, 1, 8
1791031932.145424183,57110252,15310292,1, 7.93, 0, 15205, 1, 4
1791031932.145424183,57110252,15310292,2, 15.70, 0, 2, 1, 8
1791031932.145424183,57110252,15310292,3, 3.27, 0, 2, 1, 4
1791031933.228642642,57100720,15310292,0, 6.98, 0, 15190, 1, 8
1791031933.228642642,57100720,15310292,1, 7.76, 0, 15205, 1, 4
1791031933.228642642,57100720,15310292,2, 15.69, 0, 2, 1, 8
1791031933.228642642,57100720,15310292,3, 3.38, 0, 2, 1, 4
1791031934.312522200,57114544,15310292,0, 7.62, 0, 15190, 1, 8
1791031934.312522200,57114544,15310292,1, 7.74, 0, 15205, 1, 4
1791031934.312522200,57114544,15310292,2, 15.78, 0, 2, 1, 8
1791031934.312522200,57114544,15310292,3, 3.42, 0, 2, 1, 4
1791031935.397616304,57121176,15310292,0, 7.35, 0, 15190, 1, 8
1791031935.397616304,57121176,15310292,1, 7.84, 0, 15205, 1, 4
1791031935.397616304,57121176,15310292,2, 15.78, 0, 2, 1, 8
1791031935.397616304,57121176,15310292,3, 3.45, 0, 2, 1, 4
1791031936.486380056,57121660,15310292,0, 7.12, 0, 15190, 1, 8
1791031936.486380056,57121660,15310292,1, 7.71, 0, 15205, 1, 4
1791031936.486380056,57121660,15310292,2, 15.73, 0, 2, 1, 8
1791031936.486380056,57121660,15310292,3, 3.35, 0, 2, 1, 4
1791031937.569158518,57111228,15310292,0, 6.98, 0, 15190, 1, 8
1791031937.569158518,57111228,15310292,1, 7.73, 0, 15205, 1, 4
1791031937.569158518,57111228,15310292,2, 15.68, 0, 2, 1, 8
1791031937.569158518,57111228,15310292,3, 3.38, 0, 2, 1, 4
1791031938.653485403,57111840,15310292,0, 7.03, 0, 15190, 1, 8
1791031938.653485403,57111840,15310292,1, 7.68, 0, 15205, 1, 4
1791031938.653485403,57111840,15310292,2, 15.71, 0, 2, 1, 8
1791031938.653485403,57111840,15310292,3, 3.44, 0, 2, 1, 4
1791031939.739656871,57114296,15310292,0, 7.13, 0, 15190, 1, 8
1791031939.739656871,57114296,15310292,1, 7.70, 0, 15205, 1, 4
1791031939.739656871,57114296,15310292,2, 15.74, 0, 2, 1, 8
1791031939.739656871,57114296,15310292,3, 3.52, 0, 2, 1, 4
1791031940.823719665,57080372,15310292,0, 7.06, 0, 15190, 1, 8
1791031940.823719665,57080372,15310292,1, 7.78, 0, 15205, 1, 4
1791031940.823719665,57080372,15310292,2, 15.70, 0, 2, 1, 8
1791031940.823719665,57080372,15310292,3, 3.54, 0, 2, 1, 4
1791031941.909760060,57076932,15310292,0, 7.30, 0, 15190, 1, 8
1791031941.909760060,57076932,15310292,1, 7.79, 0, 15205, 1, 4
1791031941.909760060,57076932,15310292,2, 15.69, 0, 2, 1, 8
1791031941.909760060,57076932,15310292,3, 3.40, 0, 2, 1, 4
1791031943.000459861,57084996,15310292,0, 7.30, 0, 15190, 1, 8
1791031943.000459861,57084996,15310292,1, 7.62, 0, 15205, 1, 4
1791031943.000459861,57084996,15310292,2, 16.22, 0, 2, 1, 8
1791031943.000459861,57084996,15310292,3, 3.39, 0, 2, 1, 4
1791031944.085307765,57093444,15310292,0, 7.05, 0, 15190, 1, 8
1791031944.085307765,57093444,15310292,1, 7.76, 0, 15205, 1, 4
1791031944.085307765,57093444,15310292,2, 16.23, 0, 2, 1, 8
1791031944.085307765,57093444,15310292,3, 3.50, 0, 2, 1, 4
1791031945.171013846,57080184,15310292,0, 7.05, 0, 15190, 1, 8
1791031945.171013846,57080184,15310292,1, 7.69, 0, 15205, 1, 4
1791031945.171013846,57080184,15310292,2, 15.85, 0, 2, 1, 8
1791031945.171013846,57080184,15310292,3, 3.46, 0, 2, 1, 4
1791031946.255488436,57079856,15310292,0, 7.04, 0, 15190, 1, 8
1791031946.255488436,57079856,15310292,1, 7.73, 0, 15205, 1, 4
1791031946.255488436,57079856,15310292,2, 16.20, 0, 2, 1, 8
1791031946.255488436,57079856,15310292,3, 3.42, 0, 2, 1, 4
1791031947.340548409,57074792,15310292,0, 7.02, 0, 15190, 1, 8
1791031947.340548409,57074792,15310292,1, 7.75, 0, 15205, 1, 4
1791031947.340548409,57074792,15310292,2, 16.16, 0, 2, 1, 8
1791031947.340548409,57074792,15310292,3, 3.42, 0, 2, 1, 4
1791031948.424483459,57107468,15310292,0, 7.01, 0, 15190, 1, 8
1791031948.424483459,57107468,15310292,1, 7.72, 0, 15205, 1, 4
1791031948.424483459,57107468,15310292,2, 15.85, 0, 2, 1, 8
1791031948.424483459,57107468,15310292,3, 3.41, 0, 2, 1, 4
1791031949.508896615,57106644,15310292,0, 7.07, 0, 15190, 1, 8
1791031949.508896615,57106644,15310292,1, 7.75, 0, 15205, 1, 4
1791031949.508896615,57106644,15310292,2, 15.90, 0, 2, 1, 8
1791031949.508896615,57106644,15310292,3, 3.37, 0, 2, 1, 4
1791031950.592979120,57114676,15310292,0, 7.01, 0, 15190, 1, 8
1791031950.592979120,57114676,15310292,1, 7.77, 0, 15205, 1, 4
1791031950.592979120,57114676,15310292,2, 15.89, 0, 2, 1, 8
1791031950.592979120,57114676,15310292,3, 3.32, 0, 2, 1, 4
1791031951.678040682,57099616,15310292,0, 7.02, 0, 15190, 1, 8
1791031951.678040682,57099616,15310292,1, 7.77, 0, 15205, 1, 4
1791031951.678040682,57099616,15310292,2, 15.92, 0, 2, 1, 8
1791031951.678040682,57099616,15310292,3, 3.29, 0, 2, 1, 4
1791031952.762100946,57072348,15310292,0, 7.01, 0, 15190, 1, 8
1791031952.762100946,57072348,15310292,1, 7.87, 0, 15205, 1, 4
1791031952.762100946,57072348,15310292,2, 15.80, 0, 2, 1, 8
1791031952.762100946,57072348,15310292,3, 3.16, 0, 2, 1, 4
1791031953.843459341,57097120,15310292,0, 7.11, 0, 15190, 1, 8
1791031953.843459341,57097120,15310292,1, 7.79, 0, 15205, 1, 4
1791031953.843459341,57097120,15310292,2, 15.78, 0, 2, 1, 8
1791031953.843459341,57097120,15310292,3, 3.17, 0, 2, 1, 4
1791031954.928425504,57089040,15310292,0, 7.08, 0, 15190, 1, 8
1791031954.928425504,57089040,15310292,1, 7.77, 0, 15205, 1, 4
1791031954.928425504,57089040,15310292,2, 15.84, 0, 2, 1, 8
1791031954.928425504,57089040,15310292,3, 3.22, 0, 2, 1, 4
1791031956.012218595,57104864,15310292,0, 6.77, 0, 15190, 1, 8
1791031956.012218595,57104864,15310292,1, 7.83, 0, 15205, 1, 4
1791031956.012218595,57104864,15310292,2, 15.89, 0, 2, 1, 8
1791031956.012218595,57104864,15310292,3, 3.22, 0, 2, 1, 4
1791031957.095864673,57061384,15310292,0, 6.80, 0, 15190, 1, 8
1791031957.095864673,57061384,15310292,1, 7.79, 0, 15205, 1, 4
1791031957.095864673,57061384,15310292,2, 15.85, 0, 2, 1, 8
1791031957.095864673,57061384,15310292,3, 3.22, 0, 2, 1, 4
1791031958.177649726,57053300,15310292,0, 6.84, 0, 15190, 1, 8
1791031958.177649726,57053300,15310292,1, 7.81, 0, 15205, 1, 4
1791031958.177649726,57053300,15310292,2, 15.71, 0, 2, 1, 8
1791031958.177649726,57053300,15310292,3, 3.26, 0, 2, 1, 4
1791031959.261131565,57051628,15310292,0, 6.73, 0, 15190, 1, 8
1791031959.261131565,57051628,15310292,1, 7.85, 0, 15205, 1, 4
1791031959.261131565,57051628,15310292,2, 15.76, 0, 2, 1, 8
1791031959.261131565,57051628,15310292,3, 3.33, 0, 2, 1, 4
1791031960.345370425,57053720,15310292,0, 6.80, 0, 15190, 1, 8
1791031960.345370425,57053720,15310292,1, 7.75, 0, 15205, 1, 4
1791031960.345370425,57053720,15310292,2, 15.75, 0, 2, 1, 8
1791031960.345370425,57053720,15310292,3, 3.33, 0, 2, 1, 4
1791031961.427464138,57067736,15310292,0, 6.81, 0, 15190, 1, 8
1791031961.427464138,57067736,15310292,1, 7.70, 0, 15205, 1, 4
1791031961.427464138,57067736,15310292,2, 15.74, 0, 2, 1, 8
1791031961.427464138,57067736,15310292,3, 3.31, 0, 2, 1, 4
1791031962.518281594,57089664,15310292,0, 6.98, 0, 15190, 1, 8
1791031962.518281594,57089664,15310292,1, 7.70, 0, 15205, 1, 4
1791031962.518281594,57089664,15310292,2, 15.79, 0, 2, 1, 8
1791031962.518281594,57089664,15310292,3, 3.32, 0, 2, 1, 4
1791031963.604357969,57089732,15310292,0, 6.95, 0, 15190, 1, 8
1791031963.604357969,57089732,15310292,1, 7.82, 0, 15205, 1, 4
1791031963.604357969,57089732,15310292,2, 15.91, 0, 2, 1, 8
1791031963.604357969,57089732,15310292,3, 3.36, 0, 2, 1, 4
1791031964.689749007,57092816,15310292,0, 6.91, 0, 15190, 1, 8
1791031964.689749007,57092816,15310292,1, 7.73, 0, 15205, 1, 4
1791031964.689749007,57092816,15310292,2, 15.70, 0, 2, 1, 8
1791031964.689749007,57092816,15310292,3, 3.36, 0, 2, 1, 4
1791031965.774270359,57104684,15310292,0, 6.99, 0, 15190, 1, 8
1791031965.774270359,57104684,15310292,1, 7.65, 0, 15205, 1, 4
1791031965.774270359,57104684,15310292,2, 15.64, 0, 2, 1, 8
1791031965.774270359,57104684,15310292,3, 3.39, 0, 2, 1, 4
1791031966.859832632,57106608,15310292,0, 7.09, 0, 15190, 1, 8
1791031966.859832632,57106608,15310292,1, 7.46, 0, 15205, 1, 4
1791031966.859832632,57106608,15310292,2, 15.69, 0, 2, 1, 8
1791031966.859832632,57106608,15310292,3, 3.46, 0, 2, 1, 4
1791031967.943136567,57109644,15310292,0, 7.07, 0, 15190, 1, 8
1791031967.943136567,57109644,15310292,1, 7.56, 0, 15205, 1, 4
1791031967.943136567,57109644,15310292,2, 15.70, 0, 2, 1, 8
1791031967.943136567,57109644,15310292,3, 3.43, 0, 2, 1, 4
1791031969.028248903,57108176,15310292,0, 7.09, 0, 15190, 1, 8
1791031969.028248903,57108176,15310292,1, 7.60, 0, 15205, 1, 4
1791031969.028248903,57108176,15310292,2, 15.63, 0, 2, 1, 8
1791031969.028248903,57108176,15310292,3, 3.46, 0, 2, 1, 4
1791031970.111528535,57114348,15310292,0, 7.17, 0, 15190, 1, 8
1791031970.111528535,57114348,15310292,1, 7.61, 0, 15205, 1, 4
1791031970.111528535,57114348,15310292,2, 15.60, 0, 2, 1, 8
1791031970.111528535,57114348,15310292,3, 3.51, 0, 2, 1, 4
1791031971.196939614,57083684,15310292,0, 7.11, 0, 15190, 1, 8
1791031971.196939614,57083684,15310292,1, 7.67, 0, 15205, 1, 4
1791031971.196939614,57083684,15310292,2, 15.60, 0, 2, 1, 8
1791031971.196939614,57083684,15310292,3, 3.43, 0, 2, 1, 4
1791031972.279799958,57098428,15310292,0, 7.08, 0, 15190, 1, 8
1791031972.279799958,57098428,15310292,1, 7.71, 0, 15205, 1, 4
1791031972.279799958,57098428,15310292,2, 15.57, 0, 2, 1, 8
1791031972.279799958,57098428,15310292,3, 3.42, 0, 2, 1, 4
1791031973.362738157,57088428,15310292,0, 7.05, 0, 15190, 1, 8
1791031973.362738157,57088428,15310292,1, 7.74, 0, 15205, 1, 4
1791031973.362738157,57088428,15310292,2, 15.56, 0, 2, 1, 8
1791031973.362738157,57088428,15310292,3, 3.51, 0, 2, 1, 4
1791031974.445674976,56374220,15310292,0, 7.36, 0, 15190, 1, 8
1791031974.445674976,56374220,15310292,1, 7.65, 0, 15205, 1, 4
1791031974.445674976,56374220,15310292,2, 19.91, 26, 1748, 5, 8
1791031974.445674976,56374220,15310292,3, 3.87, 0, 2, 1, 4
1791031975.519169205,52481616,15310292,0, 7.07, 0, 15190, 1, 8
1791031975.519169205,52481616,15310292,1, 7.73, 0, 15205, 1, 4
1791031975.519169205,52481616,15310292,2, 42.56, 0, 5810, 5, 8
1791031975.519169205,52481616,15310292,3, 4.43, 0, 2, 1, 4
1791031976.595017888,52418164,15310292,0, 7.04, 0, 15190, 1, 8
1791031976.595017888,52418164,15310292,1, 7.72, 0, 15205, 1, 4
1791031976.595017888,52418164,15310292,2, 41.10, 0, 5810, 5, 8
1791031976.595017888,52418164,15310292,3, 3.58, 0, 2, 1, 4
1791031977.668624680,51673008,15310292,0, 7.05, 0, 15190, 1, 8
1791031977.668624680,51673008,15310292,1, 7.69, 0, 15205, 1, 4
1791031977.668624680,51673008,15310292,2, 45.18, 88, 14574, 5, 8
1791031977.668624680,51673008,15310292,3, 3.57, 0, 2, 1, 4
1791031978.745831098,50179300,15310292,0, 7.16, 0, 15190, 1, 8
1791031978.745831098,50179300,15310292,1, 7.66, 0, 15205, 1, 4
1791031978.745831098,50179300,15310292,2, 53.77, 87, 15148, 5, 8
1791031978.745831098,50179300,15310292,3, 3.58, 0, 2, 1, 4
1791031979.822921164,50184004,15310292,0, 6.84, 0, 15190, 1, 8
1791031979.822921164,50184004,15310292,1, 7.57, 0, 15205, 1, 4
1791031979.822921164,50184004,15310292,2, 52.75, 0, 15148, 5, 8
1791031979.822921164,50184004,15310292,3, 3.66, 0, 2, 1, 4
1791031980.902457004,50314636,15310292,0, 6.90, 0, 15190, 1, 8
1791031980.902457004,50314636,15310292,1, 7.81, 0, 15205, 1, 4
1791031980.902457004,50314636,15310292,2, 41.15, 0, 15148, 5, 8
1791031980.902457004,50314636,15310292,3, 3.55, 0, 2, 1, 4
1791031981.984426333,50268092,15310292,0, 7.05, 0, 15190, 1, 8
1791031981.984426333,50268092,15310292,1, 7.79, 0, 15205, 1, 4
1791031981.984426333,50268092,15310292,2, 41.03, 0, 15148, 5, 8
1791031981.984426333,50268092,15310292,3, 3.56, 0, 2, 1, 4
1791031983.064055390,50257132,15310292,0, 7.05, 0, 15190, 1, 8
1791031983.064055390,50257132,15310292,1, 7.72, 0, 15205, 1, 4
1791031983.064055390,50257132,15310292,2, 40.98, 0, 15148, 5, 8
1791031983.064055390,50257132,15310292,3, 3.55, 0, 2, 1, 4
1791031984.144207046,50257092,15310292,0, 7.04, 0, 15190, 1, 8
1791031984.144207046,50257092,15310292,1, 7.80, 0, 15205, 1, 4
1791031984.144207046,50257092,15310292,2, 41.01, 0, 15148, 5, 8
1791031984.144207046,50257092,15310292,3, 3.63, 0, 2, 1, 4
1791031985.223180714,50240248,15310292,0, 7.25, 0, 15190, 1, 8
1791031985.223180714,50240248,15310292,1, 7.68, 0, 15205, 1, 4
1791031985.223180714,50240248,15310292,2, 41.01, 0, 15148, 5, 8
1791031985.223180714,50240248,15310292,3, 3.62, 0, 2, 1, 4
1791031986.303942797,50242664,15310292,0, 7.20, 0, 15190, 1, 8
1791031986.303942797,50242664,15310292,1, 7.62, 0, 15205, 1, 4
1791031986.303942797,50242664,15310292,2, 41.09, 0, 15148, 5, 8
1791031986.303942797,50242664,15310292,3, 3.59, 0, 2, 1, 4
1791031987.383654575,50239400,15310292,0, 7.25, 0, 15190, 1, 8
1791031987.383654575,50239400,15310292,1, 7.63, 0, 15205, 1, 4
1791031987.383654575,50239400,15310292,2, 41.15, 0, 15148, 5, 8
1791031987.383654575,50239400,15310292,3, 3.55, 0, 2, 1, 4
1791031988.462775191,50245000,15310292,0, 7.14, 0, 15190, 1, 8
1791031988.462775191,50245000,15310292,1, 7.75, 0, 15205, 1, 4
1791031988.462775191,50245000,15310292,2, 41.15, 0, 15148, 5, 8
1791031988.462775191,50245000,15310292,3, 3.43, 0, 2, 1, 4
1791031989.542525471,50241024,15310292,0, 7.18, 0, 15190, 1, 8
1791031989.542525471,50241024,15310292,1, 7.92, 0, 15205, 1, 4
1791031989.542525471,50241024,15310292,2, 41.14, 0, 15148, 5, 8
1791031989.542525471,50241024,15310292,3, 3.47, 0, 2, 1, 4
1791031990.623460048,50246096,15310292,0, 7.13, 0, 15190, 1, 8
1791031990.623460048,50246096,15310292,1, 7.91, 0, 15205, 1, 4
1791031990.623460048,50246096,15310292,2, 41.06, 0, 15148, 5, 8
1791031990.623460048,50246096,15310292,3, 3.48, 0, 2, 1, 4
1791031991.703838093,50240380,15310292,0, 7.12, 0, 15190, 1, 8
1791031991.703838093,50240380,15310292,1, 7.88, 0, 15205, 1, 4
1791031991.703838093,50240380,15310292,2, 41.19, 0, 15148, 5, 8
1791031991.703838093,50240380,15310292,3, 3.49, 0, 2, 1, 4
1791031992.782369533,50234404,15310292,0, 7.17, 0, 15190, 1, 8
1791031992.782369533,50234404,15310292,1, 7.86, 0, 15205, 1, 4
1791031992.782369533,50234404,15310292,2, 41.18, 0, 15148, 5, 8
1791031992.782369533,50234404,15310292,3, 3.50, 0, 2, 1, 4
1791031993.861604684,50230304,15310292,0, 7.10, 0, 15190, 1, 8
1791031993.861604684,50230304,15310292,1, 7.77, 0, 15205, 1, 4
1791031993.861604684,50230304,15310292,2, 41.11, 0, 15148, 5, 8
1791031993.861604684,50230304,15310292,3, 3.46, 0, 2, 1, 4
1791031994.941061213,50218088,15310292,0, 7.09, 0, 15190, 1, 8
1791031994.941061213,50218088,15310292,1, 7.78, 0, 15205, 1, 4
1791031994.941061213,50218088,15310292,2, 41.03, 0, 15148, 5, 8
1791031994.941061213,50218088,15310292,3, 3.45, 0, 2, 1, 4
1791031996.022762352,50224892,15310292,0, 7.11, 0, 15190, 1, 8
1791031996.022762352,50224892,15310292,1, 7.80, 0, 15205, 1, 4
1791031996.022762352,50224892,15310292,2, 33.23, 0, 15148, 2, 8
1791031996.022762352,50224892,15310292,3, 3.46, 0, 2, 1, 4
1791031997.109678299,50223104,15310292,0, 7.03, 0, 15190, 1, 8
1791031997.109678299,50223104,15310292,1, 7.84, 0, 15205, 1, 4
1791031997.109678299,50223104,15310292,2, 25.91, 0, 15148, 2, 8
1791031997.109678299,50223104,15310292,3, 3.38, 0, 2, 1, 4
1791031998.193660408,50234084,15310292,0, 7.23, 0, 15190, 1, 8
1791031998.193660408,50234084,15310292,1, 7.81, 0, 15205, 1, 4
1791031998.193660408,50234084,15310292,2, 20.34, 0, 15148, 1, 8
1791031998.193660408,50234084,15310292,3, 3.45, 0, 2, 1, 4
1791031999.277769455,50230932,15310292,0, 7.19, 0, 15190, 1, 8
1791031999.277769455,50230932,15310292,1, 7.78, 0, 15205, 1, 4
1791031999.277769455,50230932,15310292,2, 18.06, 0, 15148, 1, 8
1791031999.277769455,50230932,15310292,3, 3.59, 0, 2, 1, 4
1791032000.367372524,50245188,15310292,0, 7.16, 0, 15190, 1, 8
1791032000.367372524,50245188,15310292,1, 7.82, 0, 15205, 1, 4
1791032000.367372524,50245188,15310292,2, 15.55, 0, 15148, 1, 8
1791032000.367372524,50245188,15310292,3, 3.56, 0, 2, 1, 4
1791032001.450496059,50263676,15310292,0, 7.14, 0, 15190, 1, 8
1791032001.450496059,50263676,15310292,1, 7.76, 0, 15205, 1, 4
1791032001.450496059,50263676,15310292,2, 15.64, 0, 15148, 1, 8
1791032001.450496059,50263676,15310292,3, 3.53, 0, 2, 1, 4
1791032002.536319813,50270376,15310292,0, 7.10, 0, 15190, 1, 8
1791032002.536319813,50270376,15310292,1, 7.80, 0, 15205, 1, 4
1791032002.536319813,50270376,15310292,2, 15.55, 0, 15148, 1, 8
1791032002.536319813,50270376,15310292,3, 3.48, 0, 2, 1, 4
1791032003.618825344,50263616,15310292,0, 7.11, 0, 15190, 1, 8
1791032003.618825344,50263616,15310292,1, 7.81, 0, 15205, 1, 4
1791032003.618825344,50263616,15310292,2, 15.55, 0, 15148, 1, 8
1791032003.618825344,50263616,15310292,3, 3.46, 0, 2, 1, 4
1791032004.703340477,50264252,15310292,0, 7.11, 0, 15190, 1, 8
1791032004.703340477,50264252,15310292,1, 7.76, 0, 15205, 1, 4
1791032004.703340477,50264252,15310292,2, 15.52, 0, 15148, 1, 8
1791032004.703340477,50264252,15310292,3, 3.49, 0, 2, 1, 4
1791032005.785876997,50274896,15310292,0, 7.14, 0, 15190, 1, 8
1791032005.785876997,50274896,15310292,1, 7.86, 0, 15205, 1, 4
1791032005.785876997,50274896,15310292,2, 15.53, 0, 15148, 1, 8
1791032005.785876997,50274896,15310292,3, 3.57, 0, 2, 1, 4
1791032006.871523246,50271912,15310292,0, 7.14, 0, 15190, 1, 8
1791032006.871523246,50271912,15310292,1, 7.83, 0, 15205, 1, 4
1791032006.871523246,50271912,15310292,2, 15.66, 0, 15148, 1, 8
1791032006.871523246,50271912,15310292,3, 3.55, 0, 2, 1, 4
1791032007.955551068,50271812,15310292,0, 7.01, 0, 15190, 1, 8
1791032007.955551068,50271812,15310292,1, 7.67, 0, 15205, 1, 4
1791032007.955551068,50271812,15310292,2, 15.59, 0, 15148, 1, 8
1791032007.955551068,50271812,15310292,3, 3.54, 0, 2, 1, 4
1791032009.040400293,50269836,15310292,0, 7.07, 0, 15190, 1, 8
1791032009.040400293,50269836,15310292,1, 7.69, 0, 15205, 1, 4
1791032009.040400293,50269836,15310292,2, 15.61, 0, 15148, 1, 8
1791032009.040400293,50269836,15310292,3, 3.54, 0, 2, 1, 4
1791032010.126869064,50263128,15310292,0, 7.08, 0, 15190, 1, 8
1791032010.126869064,50263128,15310292,1, 7.74, 0, 15205, 1, 4
1791032010.126869064,50263128,15310292,2, 15.63, 0, 15148, 1, 8
1791032010.126869064,50263128,15310292,3, 3.59, 0, 2, 1, 4
1791032011.213787685,50281292,15310292,0, 7.09, 0, 15190, 1, 8
1791032011.213787685,50281292,15310292,1, 7.77, 0, 15205, 1, 4
1791032011.213787685,50281292,15310292,2, 15.58, 0, 15148, 1, 8
1791032011.213787685,50281292,15310292,3, 3.60, 0, 2, 1, 4
1791032012.298890708,50255452,15310292,0, 7.04, 0, 15190, 1, 8
1791032012.298890708,50255452,15310292,1, 7.88, 0, 15205, 1, 4
1791032012.298890708,50255452,15310292,2, 15.55, 0, 15148, 1, 8
1791032012.298890708,50255452,15310292,3, 3.58, 0, 2, 1, 4
1791032013.381414631,50255468,15310292,0, 6.97, 0, 15190, 1, 8
1791032013.381414631,50255468,15310292,1, 7.90, 0, 15205, 1, 4
1791032013.381414631,50255468,15310292,2, 15.52, 0, 15148, 1, 8
1791032013.381414631,50255468,15310292,3, 3.64, 0, 2, 1, 4
1791032014.464828339,50247568,15310292,0, 7.01, 0, 15190, 1, 8
1791032014.464828339,50247568,15310292,1, 7.91, 0, 15205, 1, 4
1791032014.464828339,50247568,15310292,2, 15.50, 0, 15148, 1, 8
1791032014.464828339,50247568,15310292,3, 3.61, 0, 2, 1, 4
1791032015.554214628,50220144,15310292,0, 7.01, 0, 15190, 1, 8
1791032015.554214628,50220144,15310292,1, 7.76, 0, 15205, 1, 4
1791032015.554214628,50220144,15310292,2, 15.53, 0, 15148, 1, 8
1791032015.554214628,50220144,15310292,3, 3.58, 0, 2, 1, 4
1791032016.639109674,50246816,15310292,0, 7.01, 0, 15190, 1, 8
1791032016.639109674,50246816,15310292,1, 7.90, 0, 15205, 1, 4
1791032016.639109674,50246816,15310292,2, 15.62, 0, 15148, 1, 8
1791032016.639109674,50246816,15310292,3, 3.55, 0, 2, 1, 4
1791032017.720660588,50255536,15310292,0, 7.05, 0, 15190, 1, 8
1791032017.720660588,50255536,15310292,1, 7.88, 0, 15205, 1, 4
1791032017.720660588,50255536,15310292,2, 15.68, 0, 15148, 1, 8
1791032017.720660588,50255536,15310292,3, 3.53, 0, 2, 1, 4
1791032018.801937150,50024380,15310292,0, 7.05, 0, 15190, 1, 8
1791032018.801937150,50024380,15310292,1, 7.87, 0, 15205, 1, 4
1791032018.801937150,50024380,15310292,2, 15.75, 0, 15148, 1, 8
1791032018.801937150,50024380,15310292,3, 3.60, 0, 2, 1, 4
1791032019.884213022,50003892,15310292,0, 6.96, 0, 15190, 1, 8
1791032019.884213022,50003892,15310292,1, 7.78, 0, 15205, 1, 4
1791032019.884213022,50003892,15310292,2, 63.23, 0, 15156, 5, 8
1791032019.884213022,50003892,15310292,3, 3.64, 0, 2, 1, 4
1791032020.962797008,50003864,15310292,0, 6.86, 0, 15190, 1, 8
1791032020.962797008,50003864,15310292,1, 7.60, 0, 15205, 1, 4
1791032020.962797008,50003864,15310292,2, 41.21, 0, 15156, 5, 8
1791032020.962797008,50003864,15310292,3, 3.69, 0, 2, 1, 4
1791032022.043814688,49984668,15310292,0, 6.93, 0, 15190, 1, 8
1791032022.043814688,49984668,15310292,1, 7.66, 0, 15205, 1, 4
1791032022.043814688,49984668,15310292,2, 41.17, 0, 15156, 5, 8
1791032022.043814688,49984668,15310292,3, 3.48, 0, 2, 1, 4
1791032023.123842019,49965108,15310292,0, 6.89, 0, 15190, 1, 8
1791032023.123842019,49965108,15310292,1, 7.83, 0, 15205, 1, 4
1791032023.123842019,49965108,15310292,2, 41.17, 0, 15156, 5, 8
1791032023.123842019,49965108,15310292,3, 3.49, 0, 2, 1, 4
1791032024.203516917,49965568,15310292,0, 6.88, 0, 15190, 1, 8
1791032024.203516917,49965568,15310292,1, 7.85, 0, 15205, 1, 4
1791032024.203516917,49965568,15310292,2, 41.26, 0, 15156, 5, 8
1791032024.203516917,49965568,15310292,3, 3.47, 0, 2, 1, 4
1791032025.284878381,49964028,15310292,0, 7.12, 0, 15190, 1, 8
1791032025.284878381,49964028,15310292,1, 7.92, 0, 15205, 1, 4
1791032025.284878381,49964028,15310292,2, 41.18, 0, 15156, 5, 8
1791032025.284878381,49964028,15310292,3, 3.51, 0, 2, 1, 4
1791032026.363663414,49953332,15310292,0, 7.09, 0, 15190, 1, 8
1791032026.363663414,49953332,15310292,1, 7.87, 0, 15205, 1, 4
1791032026.363663414,49953332,15310292,2, 41.11, 0, 15156, 5, 8
1791032026.363663414,49953332,15310292,3, 3.54, 0, 2, 1, 4
1791032027.441047327,49952596,15310292,0, 7.13, 0, 15190, 1, 8
1791032027.441047327,49952596,15310292,1, 7.75, 0, 15205, 1, 4
1791032027.441047327,49952596,15310292,2, 41.05, 0, 15156, 5, 8
1791032027.441047327,49952596,15310292,3, 3.52, 0, 2, 1, 4
1791032028.519294529,49951756,15310292,0, 7.12, 0, 15190, 1, 8
1791032028.519294529,49951756,15310292,1, 7.80, 0, 15205, 1, 4
1791032028.519294529,49951756,15310292,2, 41.03, 0, 15156, 5, 8
1791032028.519294529,49951756,15310292,3, 3.50, 0, 2, 1, 4
1791032029.599894431,49946912,15310292,0, 7.11, 0, 15190, 1, 8
1791032029.599894431,49946912,15310292,1, 7.81, 0, 15205, 1, 4
1791032029.599894431,49946912,15310292,2, 41.12, 0, 15156, 5, 8
1791032029.599894431,49946912,15310292,3, 3.49, 0, 2, 1, 4
1791032030.678102590,49953164,15310292,0, 7.05, 0, 15190, 1, 8
1791032030.678102590,49953164,15310292,1, 7.76, 0, 15205, 1, 4
1791032030.678102590,49953164,15310292,2, 41.10, 0, 15156, 5, 8
1791032030.678102590,49953164,15310292,3, 3.52, 0, 2, 1, 4
1791032031.756985625,49952736,15310292,0, 7.08, 0, 15190, 1, 8
1791032031.756985625,49952736,15310292,1, 7.76, 0, 15205, 1, 4
1791032031.756985625,49952736,15310292,2, 41.10, 0, 15156, 5, 8
1791032031.756985625,49952736,15310292,3, 3.51, 0, 2, 1, 4
1791032032.834127469,49955808,15310292,0, 7.04, 0, 15190, 1, 8
1791032032.834127469,49955808,15310292,1, 7.81, 0, 15205, 1, 4
1791032032.834127469,49955808,15310292,2, 41.16, 0, 15156, 5, 8
1791032032.834127469,49955808,15310292,3, 3.56, 0, 2, 1, 4
1791032033.913850828,49951428,15310292,0, 7.02, 0, 15190, 1, 8
1791032033.913850828,49951428,15310292,1, 7.79, 0, 15205, 1, 4
1791032033.913850828,49951428,15310292,2, 41.16, 0, 15156, 5, 8
1791032033.913850828,49951428,15310292,3, 3.56, 0, 2, 1, 4
1791032034.993094908,49955680,15310292,0, 6.99, 0, 15190, 1, 8
1791032034.993094908,49955680,15310292,1, 7.76, 0, 15205, 1, 4
1791032034.993094908,49955680,15310292,2, 41.14, 0, 15156, 5, 8
1791032034.993094908,49955680,15310292,3, 3.52, 0, 2, 1, 4
1791032036.074947853,49965808,15310292,0, 6.84, 0, 15190, 1, 8
1791032036.074947853,49965808,15310292,1, 7.87, 0, 15205, 1, 4
1791032036.074947853,49965808,15310292,2, 41.05, 0, 15156, 5, 8
1791032036.074947853,49965808,15310292,3, 3.37, 0, 2, 1, 4
1791032037.154439953,49966256,15310292,0, 6.91, 0, 15190, 1, 8
1791032037.154439953,49966256,15310292,1, 7.89, 0, 15205, 1, 4
1791032037.154439953,49966256,15310292,2, 31.36, 0, 15156, 2, 8
1791032037.154439953,49966256,15310292,3, 3.49, 0, 2, 1, 4
1791032038.239155994,49933708,15310292,0, 6.85, 0, 15190, 1, 8
1791032038.239155994,49933708,15310292,1, 7.82, 0, 15205, 1, 4
1791032038.239155994,49933708,15310292,2, 23.24, 0, 15156, 2, 8
1791032038.239155994,49933708,15310292,3, 3.48, 0, 2, 1, 4
1791032039.322486678,49943776,15310292,0, 6.95, 0, 15190, 1, 8
1791032039.322486678,49943776,15310292,1, 7.75, 0, 15205, 1, 4
1791032039.322486678,49943776,15310292,2, 19.51, 0, 15156, 1, 8
1791032039.322486678,49943776,15310292,3, 3.51, 0, 2, 1, 4
1791032040.409217118,49955220,15310292,0, 6.89, 0, 15190, 1, 8
1791032040.409217118,49955220,15310292,1, 7.78, 0, 15205, 1, 4
1791032040.409217118,49955220,15310292,2, 17.82, 0, 15156, 1, 8
1791032040.409217118,49955220,15310292,3, 3.55, 0, 2, 1, 4
1791032041.495880327,49966180,15310292,0, 6.88, 0, 15190, 1, 8
1791032041.495880327,49966180,15310292,1, 7.73, 0, 15205, 1, 4
1791032041.495880327,49966180,15310292,2, 15.62, 0, 15156, 1, 8
1791032041.495880327,49966180,15310292,3, 3.56, 0, 2, 1, 4
1791032042.584343008,49968352,15310292,0, 6.77, 0, 15190, 1, 8
1791032042.584343008,49968352,15310292,1, 7.76, 0, 15205, 1, 4
1791032042.584343008,49968352,15310292,2, 15.56, 0, 15156, 1, 8
1791032042.584343008,49968352,15310292,3, 3.56, 0, 2, 1, 4
1791032043.668317158,49977856,15310292,0, 6.79, 0, 15190, 1, 8
1791032043.668317158,49977856,15310292,1, 7.79, 0, 15205, 1, 4
1791032043.668317158,49977856,15310292,2, 15.53, 0, 15156, 1, 8
1791032043.668317158,49977856,15310292,3, 3.43, 0, 2, 1, 4
1791032044.752190164,49980044,15310292,0, 6.77, 0, 15190, 1, 8
1791032044.752190164,49980044,15310292,1, 7.72, 0, 15205, 1, 4
1791032044.752190164,49980044,15310292,2, 15.61, 0, 15156, 1, 8
1791032044.752190164,49980044,15310292,3, 3.44, 0, 2, 1, 4
1791032045.840054040,49974384,15310292,0, 6.77, 0, 15190, 1, 8
1791032045.840054040,49974384,15310292,1, 7.70, 0, 15205, 1, 4
1791032045.840054040,49974384,15310292,2, 15.72, 0, 15156, 1, 8
1791032045.840054040,49974384,15310292,3, 3.56, 0, 2, 1, 4
1791032046.928417408,49976028,15310292,0, 6.86, 0, 15190, 1, 8
1791032046.928417408,49976028,15310292,1, 7.67, 0, 15205, 1, 4
1791032046.928417408,49976028,15310292,2, 15.66, 0, 15156, 1, 8
1791032046.928417408,49976028,15310292,3, 3.55, 0, 2, 1, 4
1791032048.019257754,49981068,15310292,0, 6.99, 0, 15190, 1, 8
1791032048.019257754,49981068,15310292,1, 7.74, 0, 15205, 1, 4
1791032048.019257754,49981068,15310292,2, 15.66, 0, 15156, 1, 8
1791032048.019257754,49981068,15310292,3, 3.44, 0, 2, 1, 4
1791032049.102758635,49980244,15310292,0, 7.09, 0, 15190, 1, 8
1791032049.102758635,49980244,15310292,1, 7.76, 0, 15205, 1, 4
1791032049.102758635,49980244,15310292,2, 15.66, 0, 15156, 1, 8
1791032049.102758635,49980244,15310292,3, 3.46, 0, 2, 1, 4
1791032050.188777328,49989592,15310292,0, 7.00, 0, 15190, 1, 8
1791032050.188777328,49989592,15310292,1, 7.64, 0, 15205, 1, 4
1791032050.188777328,49989592,15310292,2, 15.64, 0, 15156, 1, 8
1791032050.188777328,49989592,15310292,3, 3.49, 0, 2, 1, 4
1791032051.274593761,49994916,15310292,0, 7.00, 0, 15190, 1, 8
1791032051.274593761,49994916,15310292,1, 7.69, 0, 15205, 1, 4
1791032051.274593761,49994916,15310292,2, 15.60, 0, 15156, 1, 8
1791032051.274593761,49994916,15310292,3, 3.46, 0, 2, 1, 4
1791032052.362779410,50001480,15310292,0, 7.02, 0, 15190, 1, 8
1791032052.362779410,50001480,15310292,1, 7.74, 0, 15205, 1, 4
1791032052.362779410,50001480,15310292,2, 15.66, 0, 15156, 1, 8
1791032052.362779410,50001480,15310292,3, 3.52, 0, 2, 1, 4
1791032053.447044232,50017952,15310292,0, 7.08, 0, 15190, 1, 8
1791032053.447044232,50017952,15310292,1, 7.78, 0, 15205, 1, 4
1791032053.447044232,50017952,15310292,2, 15.60, 0, 15156, 1, 8
1791032053.447044232,50017952,15310292,3, 3.49, 0, 2, 1, 4
1791032054.531787482,50027720,15310292,0, 7.09, 0, 15190, 1, 8
1791032054.531787482,50027720,15310292,1, 7.82, 0, 15205, 1, 4
1791032054.531787482,50027720,15310292,2, 15.58, 0, 15156, 1, 8
1791032054.531787482,50027720,15310292,3, 3.45, 0, 2, 1, 4
1791032055.616468661,50025992,15310292,0, 7.08, 0, 15190, 1, 8
1791032055.616468661,50025992,15310292,1, 7.84, 0, 15205, 1, 4
1791032055.616468661,50025992,15310292,2, 15.57, 0, 15156, 1, 8
1791032055.616468661,50025992,15310292,3, 3.43, 0, 2, 1, 4
1791032056.705047625,50027900,15310292,0, 7.10, 0, 15190, 1, 8
1791032056.705047625,50027900,15310292,1, 7.87, 0, 15205, 1, 4
1791032056.705047625,50027900,15310292,2, 15.60, 0, 15156, 1, 8
1791032056.705047625,50027900,15310292,3, 3.41, 0, 2, 1, 4
1791032057.789104766,50038488,15310292,0, 7.01, 0, 15190, 1, 8
1791032057.789104766,50038488,15310292,1, 7.87, 0, 15205, 1, 4
1791032057.789104766,50038488,15310292,2, 15.59, 0, 15156, 1, 8
1791032057.789104766,50038488,15310292,3, 3.43, 0, 2, 1, 4
1791032058.873078946,49136384,15310292,0, 31.27, 100, 15190, 5, 8
1791032058.873078946,49136384,15310292,1, 22.66, 100, 15205, 5, 4
1791032058.873078946,49136384,15310292,2, 35.98, 100, 15202, 5, 8
1791032058.873078946,49136384,15310292,3, 3.44, 0, 2, 1, 4
1791032059.959661801,48373560,15309592,0, 65.88, 100, 15206, 5, 8
1791032059.959661801,48373560,15309592,1, 60.98, 83, 15205, 5, 4
1791032059.959661801,48373560,15309592,2, 78.63, 100, 15202, 5, 8
1791032059.959661801,48373560,15309592,3, 3.97, 0, 2, 1, 4
1791032061.037040036,47874948,15309592,0, 66.69, 100, 15206, 5, 8
1791032061.037040036,47874948,15309592,1, 56.81, 100, 15205, 5, 4
1791032061.037040036,47874948,15309592,2, 80.21, 100, 15202, 5, 8
1791032061.037040036,47874948,15309592,3, 4.50, 0, 2, 1, 4
1791032062.132028489,47461492,15309120,0, 70.82, 100, 15206, 5, 8
1791032062.132028489,47461492,15309120,1, 56.75, 100, 15205, 5, 4
1791032062.132028489,47461492,15309120,2, 81.34, 100, 15202, 5, 8
1791032062.132028489,47461492,15309120,3, 4.46, 0, 2, 1, 4
1791032063.212680696,47253844,15309132,0, 67.45, 100, 15206, 5, 8
1791032063.212680696,47253844,15309132,1, 57.25, 100, 15205, 5, 4
1791032063.212680696,47253844,15309132,2, 81.87, 100, 15202, 5, 8
1791032063.212680696,47253844,15309132,3, 4.51, 0, 2, 1, 4
1791032064.298003460,47061256,15309132,0, 48.96, 0, 15206, 5, 8
1791032064.298003460,47061256,15309132,1, 58.67, 0, 15205, 5, 4
1791032064.298003460,47061256,15309132,2, 84.58, 100, 15202, 5, 8
1791032064.298003460,47061256,15309132,3, 4.40, 0, 2, 1, 4
1791032065.369942666,47064936,15309132,0, 53.45, 0, 15206, 5, 8
1791032065.369942666,47064936,15309132,1, 31.59, 0, 15205, 5, 4
1791032065.369942666,47064936,15309132,2, 62.10, 0, 15202, 5, 8
1791032065.369942666,47064936,15309132,3, 4.21, 0, 2, 1, 4
1791032066.437117542,47066932,15309136,0, 37.10, 0, 15206, 5, 8
1791032066.437117542,47066932,15309136,1, 31.29, 0, 15205, 5, 4
1791032066.437117542,47066932,15309136,2, 41.16, 0, 15202, 5, 8
1791032066.437117542,47066932,15309136,3, 3.69, 0, 2, 1, 4
1791032067.506326609,47065548,15309136,0, 37.15, 0, 15206, 5, 8
1791032067.506326609,47065548,15309136,1, 31.27, 0, 15205, 5, 4
1791032067.506326609,47065548,15309136,2, 41.04, 0, 15202, 5, 8
1791032067.506326609,47065548,15309136,3, 3.40, 0, 2, 1, 4
1791032068.573774344,47061108,15309136,0, 37.07, 0, 15206, 5, 8
1791032068.573774344,47061108,15309136,1, 31.32, 0, 15205, 5, 4
1791032068.573774344,47061108,15309136,2, 41.06, 0, 15202, 5, 8
1791032068.573774344,47061108,15309136,3, 3.47, 0, 2, 1, 4
1791032069.641702518,47078520,15309136,0, 36.78, 0, 15206, 5, 8
1791032069.641702518,47078520,15309136,1, 31.23, 0, 15205, 5, 4
1791032069.641702518,47078520,15309136,2, 41.16, 0, 15202, 5, 8
1791032069.641702518,47078520,15309136,3, 3.49, 0, 2, 1, 4
1791032070.710360243,47073724,15309136,0, 36.68, 0, 15206, 5, 8
1791032070.710360243,47073724,15309136,1, 31.29, 0, 15205, 5, 4
1791032070.710360243,47073724,15309136,2, 41.19, 0, 15202, 5, 8
1791032070.710360243,47073724,15309136,3, 3.49, 0, 2, 1, 4
1791032071.778733595,47059008,15309136,0, 36.85, 0, 15206, 5, 8
1791032071.778733595,47059008,15309136,1, 31.22, 0, 15205, 5, 4
1791032071.778733595,47059008,15309136,2, 41.16, 0, 15202, 5, 8
1791032071.778733595,47059008,15309136,3, 3.47, 0, 2, 1, 4
1791032072.846978702,47069212,15309136,0, 36.84, 0, 15206, 5, 8
1791032072.846978702,47069212,15309136,1, 31.30, 0, 15205, 5, 4
1791032072.846978702,47069212,15309136,2, 41.16, 0, 15202, 5, 8
1791032072.846978702,47069212,15309136,3, 3.46, 0, 2, 1, 4
1791032073.917989791,47064564,15309136,0, 36.84, 0, 15206, 5, 8
1791032073.917989791,47064564,15309136,1, 31.28, 0, 15205, 5, 4
1791032073.917989791,47064564,15309136,2, 41.15, 0, 15202, 5, 8
1791032073.917989791,47064564,15309136,3, 3.42, 0, 2, 1, 4
1791032074.987566692,47048836,15309136,0, 36.75, 0, 15206, 5, 8
1791032074.987566692,47048836,15309136,1, 31.28, 0, 15205, 5, 4
1791032074.987566692,47048836,15309136,2, 41.19, 0, 15202, 5, 8
1791032074.987566692,47048836,15309136,3, 3.36, 0, 2, 1, 4
1791032076.058205266,47052212,15309136,0, 36.94, 0, 15206, 5, 8
1791032076.058205266,47052212,15309136,1, 31.40, 0, 15205, 5, 4
1791032076.058205266,47052212,15309136,2, 41.23, 0, 15202, 5, 8
1791032076.058205266,47052212,15309136,3, 3.41, 0, 2, 1, 4
1791032077.124314526,47035636,15309136,0, 36.96, 0, 15206, 5, 8
1791032077.124314526,47035636,15309136,1, 31.38, 0, 15205, 5, 4
1791032077.124314526,47035636,15309136,2, 41.25, 0, 15202, 5, 8
1791032077.124314526,47035636,15309136,3, 3.42, 0, 2, 1, 4
1791032078.191694979,47033888,15309136,0, 36.82, 0, 15206, 5, 8
1791032078.191694979,47033888,15309136,1, 31.45, 0, 15205, 5, 4
1791032078.191694979,47033888,15309136,2, 41.24, 0, 15202, 5, 8
1791032078.191694979,47033888,15309136,3, 3.34, 0, 2, 1, 4
1791032079.260602743,47010032,15309136,0, 36.92, 0, 15206, 5, 8
1791032079.260602743,47010032,15309136,1, 31.48, 0, 15205, 5, 4
1791032079.260602743,47010032,15309136,2, 41.17, 0, 15202, 5, 8
1791032079.260602743,47010032,15309136,3, 3.31, 0, 2, 1, 4
1791032080.330399492,47016932,15309136,0, 36.91, 0, 15206, 5, 8
1791032080.330399492,47016932,15309136,1, 31.44, 0, 15205, 5, 4
1791032080.330399492,47016932,15309136,2, 41.24, 0, 15202, 5, 8
1791032080.330399492,47016932,15309136,3, 3.29, 0, 2, 1, 4
1791032081.400038265,47016308,15309136,0, 36.96, 0, 15206, 5, 8
1791032081.400038265,47016308,15309136,1, 30.51, 0, 15205, 5, 4
1791032081.400038265,47016308,15309136,2, 41.14, 0, 15202, 5, 8
1791032081.400038265,47016308,15309136,3, 3.33, 0, 2, 1, 4
1791032082.484803557,47011960,15309136,0, 14.75, 0, 15206, 2, 8
1791032082.484803557,47011960,15309136,1, 17.11, 0, 15205, 2, 4
1791032082.484803557,47011960,15309136,2, 24.12, 0, 15202, 2, 8
1791032082.484803557,47011960,15309136,3, 3.42, 0, 2, 1, 4
1791032083.571393993,47003712,15309136,0, 10.31, 0, 15206, 2, 8
1791032083.571393993,47003712,15309136,1, 11.63, 0, 15205, 1, 4
1791032083.571393993,47003712,15309136,2, 19.61, 0, 15202, 1, 8
1791032083.571393993,47003712,15309136,3, 3.43, 0, 2, 1, 4
1791032084.655772588,47007720,15309136,0, 8.62, 0, 15206, 1, 8
1791032084.655772588,47007720,15309136,1, 9.63, 0, 15205, 1, 4
1791032084.655772588,47007720,15309136,2, 17.88, 0, 15202, 1, 8
1791032084.655772588,47007720,15309136,3, 3.45, 0, 2, 1, 4
1791032085.740758719,47003184,15309136,0, 6.90, 0, 15206, 1, 8
1791032085.740758719,47003184,15309136,1, 7.96, 0, 15205, 1, 4
1791032085.740758719,47003184,15309136,2, 15.66, 0, 15202, 1, 8
1791032085.740758719,47003184,15309136,3, 3.49, 0, 2, 1, 4
1791032086.825424157,47000736,15309136,0, 6.94, 0, 15206, 1, 8
1791032086.825424157,47000736,15309136,1, 7.97, 0, 15205, 1, 4
1791032086.825424157,47000736,15309136,2, 15.49, 0, 15202, 1, 8
1791032086.825424157,47000736,15309136,3, 3.48, 0, 2, 1, 4
1791032087.908821214,47010928,15309136,0, 6.96, 0, 15206, 1, 8
1791032087.908821214,47010928,15309136,1, 8.02, 0, 15205, 1, 4
1791032087.908821214,47010928,15309136,2, 15.61, 0, 15202, 1, 8
1791032087.908821214,47010928,15309136,3, 3.44, 0, 2, 1, 4
1791032088.992529464,47028728,15309136,0, 6.98, 0, 15206, 1, 8
1791032088.992529464,47028728,15309136,1, 8.02, 0, 15205, 1, 4
1791032088.992529464,47028728,15309136,2, 15.59, 0, 15202, 1, 8
1791032088.992529464,47028728,15309136,3, 3.48, 0, 2, 1, 4
1791032090.076305638,47026708,15309136,0, 7.03, 0, 15206, 1, 8
1791032090.076305638,47026708,15309136,1, 8.10, 0, 15205, 1, 4
1791032090.076305638,47026708,15309136,2, 15.60, 0, 15202, 1, 8
1791032090.076305638,47026708,15309136,3, 3.47, 0, 2, 1, 4
1791032091.164280719,47028100,15309136,0, 6.85, 0, 15206, 1, 8
1791032091.164280719,47028100,15309136,1, 8.09, 0, 15205, 1, 4
1791032091.164280719,47028100,15309136,2, 15.66, 0, 15202, 1, 8
1791032091.164280719,47028100,15309136,3, 3.47, 0, 2, 1, 4
1791032092.247435676,47044944,15309136,0, 6.87, 0, 15206, 1, 8
1791032092.247435676,47044944,15309136,1, 7.99, 0, 15205, 1, 4
1791032092.247435676,47044944,15309136,2, 15.66, 0, 15202, 1, 8
1791032092.247435676,47044944,15309136,3, 3.49, 0, 2, 1, 4
1791032093.330937487,46897304,15309136,0, 6.87, 0, 15206, 1, 8
1791032093.330937487,46897304,15309136,1, 7.96, 0, 15205, 1, 4
1791032093.330937487,46897304,15309136,2, 15.89, 0, 15202, 5, 8
1791032093.330937487,46897304,15309136,3, 3.47, 0, 2, 1, 4
1791032094.419299084,46883480,15309136,0, 6.74, 0, 15206, 1, 8
1791032094.419299084,46883480,15309136,1, 8.02, 0, 15205, 1, 4
1791032094.419299084,46883480,15309136,2, 58.87, 100, 15208, 5, 8
1791032094.419299084,46883480,15309136,3, 3.66, 0, 2, 1, 4
1791032095.495404958,46884464,15309136,0, 6.71, 0, 15206, 1, 8
1791032095.495404958,46884464,15309136,1, 8.11, 0, 15205, 1, 4
1791032095.495404958,46884464,15309136,2, 41.46, 0, 15208, 5, 8
1791032095.495404958,46884464,15309136,3, 3.62, 0, 2, 1, 4
1791032096.575221442,46884872,15309136,0, 6.99, 0, 15206, 1, 8
1791032096.575221442,46884872,15309136,1, 8.09, 0, 15205, 1, 4
1791032096.575221442,46884872,15309136,2, 41.26, 0, 15208, 5, 8
1791032096.575221442,46884872,15309136,3, 3.53, 0, 2, 1, 4
1791032097.655955351,46898796,15309136,0, 7.02, 0, 15206, 1, 8
1791032097.655955351,46898796,15309136,1, 8.01, 0, 15205, 1, 4
1791032097.655955351,46898796,15309136,2, 41.16, 0, 15208, 5, 8
1791032097.655955351,46898796,15309136,3, 3.49, 0, 2, 1, 4
1791032098.737395069,46899092,15309136,0, 7.09, 0, 15206, 1, 8
1791032098.737395069,46899092,15309136,1, 8.01, 0, 15205, 1, 4
1791032098.737395069,46899092,15309136,2, 41.17, 0, 15208, 5, 8
1791032098.737395069,46899092,15309136,3, 3.45, 0, 2, 1, 4
1791032099.817011955,46890280,15309136,0, 7.12, 0, 15206, 1, 8
1791032099.817011955,46890280,15309136,1, 8.00, 0, 15205, 1, 4
1791032099.817011955,46890280,15309136,2, 41.15, 0, 15208, 5, 8
1791032099.817011955,46890280,15309136,3, 3.46, 0, 2, 1, 4
1791032100.896051574,46892260,15309136,0, 7.04, 0, 15206, 1, 8
1791032100.896051574,46892260,15309136,1, 8.00, 0, 15205, 1, 4
1791032100.896051574,46892260,15309136,2, 41.21, 0, 15208, 5, 8
1791032100.896051574,46892260,15309136,3, 3.46, 0, 2, 1, 4
1791032101.976323635,46897256,15309136,0, 6.94, 0, 15206, 1, 8
1791032101.976323635,46897256,15309136,1, 7.84, 0, 15205, 1, 4
1791032101.976323635,46897256,15309136,2, 41.27, 0, 15208, 5, 8
1791032101.976323635,46897256,15309136,3, 3.43, 0, 2, 1, 4
1791032103.054785954,46916020,15309136,0, 6.96, 0, 15206, 1, 8
1791032103.054785954,46916020,15309136,1, 7.88, 0, 15205, 1, 4
1791032103.054785954,46916020,15309136,2, 41.23, 0, 15208, 5, 8
1791032103.054785954,46916020,15309136,3, 3.37, 0, 2, 1, 4
1791032104.133519452,46920328,15309136,0, 6.89, 0, 15206, 1, 8
1791032104.133519452,46920328,15309136,1, 7.92, 0, 15205, 1, 4
1791032104.133519452,46920328,15309136,2, 41.13, 0, 15208, 5, 8
1791032104.133519452,46920328,15309136,3, 3.47, 0, 2, 1, 4
1791032105.212914776,46921148,15309136,0, 6.91, 0, 15206, 1, 8
1791032105.212914776,46921148,15309136,1, 7.95, 0, 15205, 1, 4
1791032105.212914776,46921148,15309136,2, 41.27, 0, 15208, 5, 8
1791032105.212914776,46921148,15309136,3, 3.51, 0, 2, 1, 4
1791032106.293414335,46933108,15309136,0, 6.86, 0, 15206, 1, 8
1791032106.293414335,46933108,15309136,1, 7.96, 0, 15205, 1, 4
1791032106.293414335,46933108,15309136,2, 41.26, 0, 15208, 5, 8
1791032106.293414335,46933108,15309136,3, 3.49, 0, 2, 1, 4
1791032107.371966998,46923104,15309136,0, 6.75, 0, 15206, 1, 8
1791032107.371966998,46923104,15309136,1, 8.02, 0, 15205, 1, 4
1791032107.371966998,46923104,15309136,2, 41.22, 0, 15208, 5, 8
1791032107.371966998,46923104,15309136,3, 3.50, 0, 2, 1, 4
1791032108.450724559,46924268,15309136,0, 6.76, 0, 15206, 1, 8
1791032108.450724559,46924268,15309136,1, 8.03, 0, 15205, 1, 4
1791032108.450724559,46924268,15309136,2, 41.21, 0, 15208, 5, 8
1791032108.450724559,46924268,15309136,3, 3.49, 0, 2, 1, 4
1791032109.529735071,46919132,15309136,0, 6.83, 0, 15206, 1, 8
1791032109.529735071,46919132,15309136,1, 7.98, 0, 15205, 1, 4
1791032109.529735071,46919132,15309136,2, 41.28, 0, 15208, 5, 8
1791032109.529735071,46919132,15309136,3, 3.51, 0, 2, 1, 4
1791032110.608961002,46920740,15309136,0, 6.91, 0, 15206, 1, 8
1791032110.608961002,46920740,15309136,1, 7.90, 0, 15205, 1, 4
1791032110.608961002,46920740,15309136,2, 41.40, 0, 15208, 5, 8
1791032110.608961002,46920740,15309136,3, 3.53, 0, 2, 1, 4
1791032111.689971391,46917792,15309136,0, 6.84, 0, 15206, 1, 8
1791032111.689971391,46917792,15309136,1, 7.92, 0, 15205, 1, 4
1791032111.689971391,46917792,15309136,2, 40.72, 0, 15208, 5, 8
1791032111.689971391,46917792,15309136,3, 3.56, 0, 2, 1, 4
1791032112.775186383,46932412,15309136,0, 6.90, 0, 15206, 1, 8
1791032112.775186383,46932412,15309136,1, 7.88, 0, 15205, 1, 4
1791032112.775186383,46932412,15309136,2, 24.45, 0, 15208, 2, 8
1791032112.775186383,46932412,15309136,3, 3.55, 0, 2, 1, 4
1791032113.859008779,46921804,15309136,0, 7.01, 0, 15206, 1, 8
1791032113.859008779,46921804,15309136,1, 7.84, 0, 15205, 1, 4
1791032113.859008779,46921804,15309136,2, 20.68, 0, 15208, 1, 8
1791032113.859008779,46921804,15309136,3, 3.54, 0, 2, 1, 4
1791032114.946704880,46902604,15309136,0, 7.01, 0, 15206, 1, 8
1791032114.946704880,46902604,15309136,1, 7.87, 0, 15205, 1, 4
1791032114.946704880,46902604,15309136,2, 18.25, 0, 15208, 1, 8
1791032114.946704880,46902604,15309136,3, 3.51, 0, 2, 1, 4
1791032116.030682672,46903136,15309136,0, 7.03, 0, 15206, 1, 8
1791032116.030682672,46903136,15309136,1, 7.89, 0, 15205, 1, 4
1791032116.030682672,46903136,15309136,2, 15.97, 0, 15208, 1, 8
1791032116.030682672,46903136,15309136,3, 3.44, 0, 2, 1, 4
1791032117.114276348,46896676,15309136,0, 6.99, 0, 15206, 1, 8
1791032117.114276348,46896676,15309136,1, 7.90, 0, 15205, 1, 4
1791032117.114276348,46896676,15309136,2, 15.84, 0, 15208, 1, 8
1791032117.114276348,46896676,15309136,3, 3.51, 0, 2, 1, 4
1791032118.197982247,46911584,15309136,0, 6.87, 0, 15206, 1, 8
1791032118.197982247,46911584,15309136,1, 7.95, 0, 15205, 1, 4
1791032118.197982247,46911584,15309136,2, 15.77, 0, 15208, 1, 8
1791032118.197982247,46911584,15309136,3, 3.46, 0, 2, 1, 4
1791032119.280945026,46907392,15309136,0, 6.95, 0, 15206, 1, 8
1791032119.280945026,46907392,15309136,1, 7.91, 0, 15205, 1, 4
1791032119.280945026,46907392,15309136,2, 15.83, 0, 15208, 1, 8
1791032119.280945026,46907392,15309136,3, 3.49, 0, 2, 1, 4
1791032120.365447488,46922168,15309136,0, 6.95, 0, 15206, 1, 8
1791032120.365447488,46922168,15309136,1, 7.88, 0, 15205, 1, 4
1791032120.365447488,46922168,15309136,2, 15.78, 0, 15208, 1, 8
1791032120.365447488,46922168,15309136,3, 3.49, 0, 2, 1, 4
1791032121.450126947,46916684,15309136,0, 7.00, 0, 15206, 1, 8
1791032121.450126947,46916684,15309136,1, 7.98, 0, 15205, 1, 4
1791032121.450126947,46916684,15309136,2, 15.65, 0, 15208, 1, 8
1791032121.450126947,46916684,15309136,3, 3.50, 0, 2, 1, 4
1791032122.535596367,46915136,15309136,0, 6.96, 0, 15206, 1, 8
1791032122.535596367,46915136,15309136,1, 7.98, 0, 15205, 1, 4
1791032122.535596367,46915136,15309136,2, 15.69, 0, 15208, 1, 8
1791032122.535596367,46915136,15309136,3, 3.51, 0, 2, 1, 4
1791032123.618517575,46891372,15309216,0, 6.89, 0, 15206, 1, 8
1791032123.618517575,46891372,15309216,1, 8.13, 0, 15205, 1, 4
1791032123.618517575,46891372,15309216,2, 15.64, 0, 15208, 1, 8
1791032123.618517575,46891372,15309216,3, 3.42, 0, 2, 1, 4
1791032124.704484826,46898928,15309216,0, 6.86, 0, 15206, 1, 8
1791032124.704484826,46898928,15309216,1, 8.10, 0, 15205, 1, 4
1791032124.704484826,46898928,15309216,2, 15.63, 0, 15208, 1, 8
1791032124.704484826,46898928,15309216,3, 3.42, 0, 2, 1, 4
1791032125.788561430,46920700,15309216,0, 6.97, 0, 15206, 1, 8
1791032125.788561430,46920700,15309216,1, 8.03, 0, 15205, 1, 4
1791032125.788561430,46920700,15309216,2, 15.61, 0, 15208, 1, 8
1791032125.788561430,46920700,15309216,3, 3.46, 0, 2, 1, 4
1791032126.871128113,46933076,15309216,0, 7.01, 0, 15206, 1, 8
1791032126.871128113,46933076,15309216,1, 7.98, 0, 15205, 1, 4
1791032126.871128113,46933076,15309216,2, 15.58, 0, 15208, 1, 8
1791032126.871128113,46933076,15309216,3, 3.53, 0, 2, 1, 4
1791032127.953253029,46928400,15309216,0, 7.07, 0, 15206, 1, 8
1791032127.953253029,46928400,15309216,1, 7.99, 0, 15205, 1, 4
1791032127.953253029,46928400,15309216,2, 15.62, 0, 15208, 1, 8
1791032127.953253029,46928400,15309216,3, 3.53, 0, 2, 1, 4
1791032129.037211568,46928508,15309216,0, 7.06, 0, 15206, 1, 8
1791032129.037211568,46928508,15309216,1, 8.02, 0, 15205, 1, 4
1791032129.037211568,46928508,15309216,2, 15.60, 0, 15208, 1, 8
1791032129.037211568,46928508,15309216,3, 3.48, 0, 2, 1, 4
1791032130.121368086,46946256,15309216,0, 7.06, 0, 15206, 1, 8
1791032130.121368086,46946256,15309216,1, 8.03, 0, 15205, 1, 4
1791032130.121368086,46946256,15309216,2, 15.66, 0, 15208, 1, 8
1791032130.121368086,46946256,15309216,3, 3.43, 0, 2, 1, 4
1791032131.206589648,46943168,15309216,0, 6.96, 0, 15206, 1, 8
1791032131.206589648,46943168,15309216,1, 7.94, 0, 15205, 1, 4
1791032131.206589648,46943168,15309216,2, 15.73, 0, 15208, 1, 8
1791032131.206589648,46943168,15309216,3, 3.49, 0, 2, 1, 4
1791032132.290961645,46927496,15309216,0, 7.07, 0, 15206, 1, 8
1791032132.290961645,46927496,15309216,1, 7.93, 0, 15205, 1, 4
1791032132.290961645,46927496,15309216,2, 15.73, 0, 15208, 1, 8
1791032132.290961645,46927496,15309216,3, 3.48, 0, 2, 1, 4
1791032133.373786908,46905048,15309216,0, 7.09, 0, 15206, 1, 8
1791032133.373786908,46905048,15309216,1, 7.93, 0, 15205, 1, 4
1791032133.373786908,46905048,15309216,2, 15.73, 0, 15208, 1, 8
1791032133.373786908,46905048,15309216,3, 3.55, 0, 2, 1, 4
1791032134.459726477,46907292,15309216,0, 7.04, 0, 15206, 1, 8
1791032134.459726477,46907292,15309216,1, 7.93, 0, 15205, 1, 4
1791032134.459726477,46907292,15309216,2, 15.68, 0, 15208, 1, 8
1791032134.459726477,46907292,15309216,3, 3.48, 0, 2, 1, 4
1791032135.544786621,46923228,15309216,0, 6.98, 0, 15206, 1, 8
1791032135.544786621,46923228,15309216,1, 8.00, 0, 15205, 1, 4
1791032135.544786621,46923228,15309216,2, 15.61, 0, 15208, 1, 8
1791032135.544786621,46923228,15309216,3, 3.51, 0, 2, 1, 4
1791032136.628634025,46921924,15309216,0, 6.94, 0, 15206, 1, 8
1791032136.628634025,46921924,15309216,1, 8.04, 0, 15205, 1, 4
1791032136.628634025,46921924,15309216,2, 15.61, 0, 15208, 1, 8
1791032136.628634025,46921924,15309216,3, 3.48, 0, 2, 1, 4
1791032137.710010161,46907848,15309216,0, 6.93, 0, 15206, 1, 8
1791032137.710010161,46907848,15309216,1, 7.98, 0, 15205, 1, 4
1791032137.710010161,46907848,15309216,2, 15.65, 0, 15208, 1, 8
1791032137.710010161,46907848,15309216,3, 3.47, 0, 2, 1, 4
1791032138.791997562,46861792,15309216,0, 7.00, 0, 15206, 1, 8
1791032138.791997562,46861792,15309216,1, 8.06, 0, 15205, 1, 4
1791032138.791997562,46861792,15309216,2, 15.65, 0, 15208, 1, 8
1791032138.791997562,46861792,15309216,3, 3.45, 0, 2, 1, 4
1791032139.871604006,46842584,15309216,0, 6.90, 0, 15206, 1, 8
1791032139.871604006,46842584,15309216,1, 7.96, 0, 15205, 1, 4
1791032139.871604006,46842584,15309216,2, 15.65, 0, 15208, 1, 8
1791032139.871604006,46842584,15309216,3, 3.44, 0, 2, 1, 4
1791032140.952642588,46858908,15309216,0, 6.93, 0, 15206, 1, 8
1791032140.952642588,46858908,15309216,1, 7.89, 0, 15205, 1, 4
1791032140.952642588,46858908,15309216,2, 15.62, 0, 15208, 1, 8
1791032140.952642588,46858908,15309216,3, 3.45, 0, 2, 1, 4
1791032142.036178911,46877584,15309216,0, 6.94, 0, 15206, 1, 8
1791032142.036178911,46877584,15309216,1, 8.06, 0, 15205, 1, 4
1791032142.036178911,46877584,15309216,2, 15.62, 0, 15208, 1, 8
1791032142.036178911,46877584,15309216,3, 3.43, 0, 2, 1, 4
1791032143.119041386,46873192,15309216,0, 6.92, 0, 15206, 1, 8
1791032143.119041386,46873192,15309216,1, 7.96, 0, 15205, 1, 4
1791032143.119041386,46873192,15309216,2, 15.71, 0, 15208, 1, 8
1791032143.119041386,46873192,15309216,3, 3.46, 0, 2, 1, 4
1791032144.205336760,46897420,15309216,0, 6.76, 0, 15206, 1, 8
1791032144.205336760,46897420,15309216,1, 7.89, 0, 15205, 1, 4
1791032144.205336760,46897420,15309216,2, 15.65, 0, 15208, 1, 8
1791032144.205336760,46897420,15309216,3, 3.49, 0, 2, 1, 4
1791032145.286860491,46952052,15309216,0, 6.85, 0, 15206, 1, 8
1791032145.286860491,46952052,15309216,1, 7.98, 0, 15205, 1, 4
1791032145.286860491,46952052,15309216,2, 15.65, 0, 15208, 1, 8
1791032145.286860491,46952052,15309216,3, 3.49, 0, 2, 1, 4
1791032146.367413603,46910984,15309216,0, 6.78, 0, 15206, 1, 8
1791032146.367413603,46910984,15309216,1, 7.95, 0, 15205, 1, 4
1791032146.367413603,46910984,15309216,2, 15.60, 0, 15208, 1, 8
1791032146.367413603,46910984,15309216,3, 3.45, 0, 2, 1, 4
1791032147.451269017,46910048,15309216,0, 6.65, 0, 15206, 1, 8
1791032147.451269017,46910048,15309216,1, 7.92, 0, 15205, 1, 4
1791032147.451269017,46910048,15309216,2, 15.62, 0, 15208, 1, 8
1791032147.451269017,46910048,15309216,3, 3.46, 0, 2, 1, 4
1791032148.534389334,46918856,15309216,0, 6.59, 0, 15206, 1, 8
1791032148.534389334,46918856,15309216,1, 7.93, 0, 15205, 1, 4
1791032148.534389334,46918856,15309216,2, 15.59, 0, 15208, 1, 8
1791032148.534389334,46918856,15309216,3, 3.53, 0, 2, 1, 4
1791032149.617662934,46927720,15309216,0, 6.65, 0, 15206, 1, 8
1791032149.617662934,46927720,15309216,1, 7.92, 0, 15205, 1, 4
1791032149.617662934,46927720,15309216,2, 15.56, 0, 15208, 1, 8
1791032149.617662934,46927720,15309216,3, 3.56, 0, 2, 1, 4
1791032150.702097100,46909380,15309216,0, 6.69, 0, 15206, 1, 8
1791032150.702097100,46909380,15309216,1, 7.87, 0, 15205, 1, 4
1791032150.702097100,46909380,15309216,2, 15.77, 0, 15208, 1, 8
1791032150.702097100,46909380,15309216,3, 3.53, 0, 2, 1, 4
1791032151.785720367,46897980,15309216,0, 6.73, 0, 15206, 1, 8
1791032151.785720367,46897980,15309216,1, 7.89, 0, 15205, 1, 4
1791032151.785720367,46897980,15309216,2, 15.66, 0, 15208, 1, 8
1791032151.785720367,46897980,15309216,3, 3.45, 0, 2, 1, 4
1791032152.867712297,46882876,15309216,0, 6.83, 0, 15206, 1, 8
1791032152.867712297,46882876,15309216,1, 7.92, 0, 15205, 1, 4
1791032152.867712297,46882876,15309216,2, 15.64, 0, 15208, 1, 8
1791032152.867712297,46882876,15309216,3, 3.48, 0, 2, 1, 4
1791032153.950066964,46897244,15309216,0, 6.81, 0, 15206, 1, 8
1791032153.950066964,46897244,15309216,1, 7.95, 0, 15205, 1, 4
1791032153.950066964,46897244,15309216,2, 15.58, 0, 15208, 1, 8
1791032153.950066964,46897244,15309216,3, 3.50, 0, 2, 1, 4
