epoch,timestamp,index,name,power_w,gpu_util_pct,mem_util_pct,mem_used_mib,clock_graphics_mhz,clock_mem_mhz,temp_c
1791018991.336135152,2026/10/03 18:16:32.254, 0, NVIDIA GeForce RTX 5070 Ti, 6.80, 0, 0, 2, 195, 405, 30
1791018991.336135152,2026/10/03 18:16:32.269, 1, NVIDIA GeForce RTX 5070 Ti, 7.90, 0, 0, 234, 195, 405, 28
1791018991.336135152,2026/10/03 18:16:32.275, 2, NVIDIA GeForce RTX 5070 Ti, 15.60, 0, 0, 2, 195, 405, 32
1791018991.336135152,2026/10/03 18:16:32.286, 3, NVIDIA GeForce RTX 5060 Ti, 11.18, 13, 0, 2, 3915, 15251, 29
1791018993.312286952,2026/10/03 18:16:33.349, 0, NVIDIA GeForce RTX 5070 Ti, 22.74, 0, 0, 4962, 2310, 15051, 31
1791018993.312286952,2026/10/03 18:16:33.352, 1, NVIDIA GeForce RTX 5070 Ti, 8.02, 0, 0, 234, 195, 405, 28
1791018993.312286952,2026/10/03 18:16:33.355, 2, NVIDIA GeForce RTX 5070 Ti, 16.24, 0, 0, 2, 195, 405, 32
1791018993.312286952,2026/10/03 18:16:33.366, 3, NVIDIA GeForce RTX 5060 Ti, 17.41, 0, 0, 2, 2460, 15251, 29
1791018994.382133046,2026/10/03 18:16:34.418, 0, NVIDIA GeForce RTX 5070 Ti, 37.02, 0, 0, 5806, 2310, 15051, 31
1791018994.382133046,2026/10/03 18:16:34.420, 1, NVIDIA GeForce RTX 5070 Ti, 7.90, 0, 0, 234, 195, 405, 28
1791018994.382133046,2026/10/03 18:16:34.424, 2, NVIDIA GeForce RTX 5070 Ti, 15.87, 0, 0, 2, 195, 405, 32
1791018994.382133046,2026/10/03 18:16:34.435, 3, NVIDIA GeForce RTX 5060 Ti, 17.84, 0, 0, 2, 2542, 15251, 29
1791018995.450667327,2026/10/03 18:16:35.486, 0, NVIDIA GeForce RTX 5070 Ti, 36.78, 0, 0, 5806, 2310, 15051, 32
1791018995.450667327,2026/10/03 18:16:35.488, 1, NVIDIA GeForce RTX 5070 Ti, 7.94, 0, 0, 234, 187, 405, 28
1791018995.450667327,2026/10/03 18:16:35.492, 2, NVIDIA GeForce RTX 5070 Ti, 15.82, 0, 0, 2, 195, 405, 32
1791018995.450667327,2026/10/03 18:16:35.502, 3, NVIDIA GeForce RTX 5060 Ti, 17.69, 0, 0, 2, 2542, 15251, 29
1791018996.517787751,2026/10/03 18:16:36.553, 0, NVIDIA GeForce RTX 5070 Ti, 36.64, 0, 0, 5806, 2310, 15051, 32
1791018996.517787751,2026/10/03 18:16:36.555, 1, NVIDIA GeForce RTX 5070 Ti, 8.04, 0, 0, 234, 195, 405, 28
1791018996.517787751,2026/10/03 18:16:36.558, 2, NVIDIA GeForce RTX 5070 Ti, 15.77, 0, 2, 2, 195, 405, 32
1791018996.517787751,2026/10/03 18:16:36.569, 3, NVIDIA GeForce RTX 5060 Ti, 17.88, 0, 0, 2, 2542, 15251, 29
1791018997.583917685,2026/10/03 18:16:37.616, 0, NVIDIA GeForce RTX 5070 Ti, 36.72, 0, 0, 5900, 2310, 15051, 32
1791018997.583917685,2026/10/03 18:16:37.620, 1, NVIDIA GeForce RTX 5070 Ti, 7.99, 0, 0, 234, 195, 405, 28
1791018997.583917685,2026/10/03 18:16:37.628, 2, NVIDIA GeForce RTX 5070 Ti, 15.73, 0, 1, 2, 195, 405, 32
1791018997.583917685,2026/10/03 18:16:37.644, 3, NVIDIA GeForce RTX 5060 Ti, 17.96, 0, 0, 2, 2542, 15251, 29
1791018998.665031013,2026/10/03 18:16:38.701, 0, NVIDIA GeForce RTX 5070 Ti, 36.94, 0, 0, 5900, 2310, 15051, 32
1791018998.665031013,2026/10/03 18:16:38.704, 1, NVIDIA GeForce RTX 5070 Ti, 7.93, 0, 0, 234, 195, 405, 28
1791018998.665031013,2026/10/03 18:16:38.709, 2, NVIDIA GeForce RTX 5070 Ti, 15.71, 0, 0, 2, 195, 405, 32
1791018998.665031013,2026/10/03 18:16:38.719, 3, NVIDIA GeForce RTX 5060 Ti, 18.01, 0, 0, 2, 2542, 15251, 29
1791018999.740852327,2026/10/03 18:16:39.782, 0, NVIDIA GeForce RTX 5070 Ti, 36.62, 0, 0, 5900, 2310, 15051, 32
1791018999.740852327,2026/10/03 18:16:39.785, 1, NVIDIA GeForce RTX 5070 Ti, 7.83, 0, 0, 234, 195, 405, 28
1791018999.740852327,2026/10/03 18:16:39.789, 2, NVIDIA GeForce RTX 5070 Ti, 15.73, 0, 0, 2, 195, 405, 32
1791018999.740852327,2026/10/03 18:16:39.800, 3, NVIDIA GeForce RTX 5060 Ti, 17.70, 0, 0, 2, 2542, 15251, 29
1791019000.822289058,2026/10/03 18:16:40.862, 0, NVIDIA GeForce RTX 5070 Ti, 36.71, 0, 0, 5900, 2310, 15051, 32
1791019000.822289058,2026/10/03 18:16:40.865, 1, NVIDIA GeForce RTX 5070 Ti, 7.91, 0, 0, 234, 195, 405, 28
1791019000.822289058,2026/10/03 18:16:40.869, 2, NVIDIA GeForce RTX 5070 Ti, 15.78, 0, 0, 2, 195, 405, 32
1791019000.822289058,2026/10/03 18:16:40.880, 3, NVIDIA GeForce RTX 5060 Ti, 17.76, 0, 0, 2, 2542, 15251, 29
1791019001.901568202,2026/10/03 18:16:41.942, 0, NVIDIA GeForce RTX 5070 Ti, 36.27, 0, 0, 5900, 2310, 15051, 32
1791019001.901568202,2026/10/03 18:16:41.945, 1, NVIDIA GeForce RTX 5070 Ti, 7.88, 0, 0, 234, 195, 405, 28
1791019001.901568202,2026/10/03 18:16:41.949, 2, NVIDIA GeForce RTX 5070 Ti, 15.88, 0, 0, 2, 195, 405, 32
1791019001.901568202,2026/10/03 18:16:41.959, 3, NVIDIA GeForce RTX 5060 Ti, 17.88, 0, 0, 2, 2542, 15251, 29
1791019002.978793553,2026/10/03 18:16:43.014, 0, NVIDIA GeForce RTX 5070 Ti, 39.57, 88, 5, 14728, 2310, 15051, 32
1791019002.978793553,2026/10/03 18:16:43.017, 1, NVIDIA GeForce RTX 5070 Ti, 7.82, 0, 0, 234, 195, 405, 28
1791019002.978793553,2026/10/03 18:16:43.021, 2, NVIDIA GeForce RTX 5070 Ti, 15.85, 0, 0, 2, 195, 405, 32
1791019002.978793553,2026/10/03 18:16:43.034, 3, NVIDIA GeForce RTX 5060 Ti, 17.86, 0, 0, 2, 2542, 15251, 29
1791019004.052168528,2026/10/03 18:16:44.090, 0, NVIDIA GeForce RTX 5070 Ti, 53.10, 100, 26, 15166, 2295, 15051, 35
1791019004.052168528,2026/10/03 18:16:44.094, 1, NVIDIA GeForce RTX 5070 Ti, 7.83, 0, 0, 234, 195, 405, 28
1791019004.052168528,2026/10/03 18:16:44.098, 2, NVIDIA GeForce RTX 5070 Ti, 15.77, 0, 0, 2, 195, 405, 32
1791019004.052168528,2026/10/03 18:16:44.108, 3, NVIDIA GeForce RTX 5060 Ti, 13.17, 0, 0, 2, 457, 7001, 29
1791019005.127357668,2026/10/03 18:16:45.163, 0, NVIDIA GeForce RTX 5070 Ti, 90.26, 100, 26, 15166, 2287, 15051, 37
1791019005.127357668,2026/10/03 18:16:45.167, 1, NVIDIA GeForce RTX 5070 Ti, 7.87, 0, 0, 234, 195, 405, 28
1791019005.127357668,2026/10/03 18:16:45.171, 2, NVIDIA GeForce RTX 5070 Ti, 15.73, 0, 0, 2, 195, 405, 32
1791019005.127357668,2026/10/03 18:16:45.181, 3, NVIDIA GeForce RTX 5060 Ti, 5.48, 0, 0, 2, 270, 810, 28
1791019006.202322408,2026/10/03 18:16:46.239, 0, NVIDIA GeForce RTX 5070 Ti, 78.01, 100, 25, 15194, 2295, 15051, 35
1791019006.202322408,2026/10/03 18:16:46.242, 1, NVIDIA GeForce RTX 5070 Ti, 7.68, 0, 0, 234, 195, 405, 28
1791019006.202322408,2026/10/03 18:16:46.246, 2, NVIDIA GeForce RTX 5070 Ti, 15.69, 0, 2, 2, 195, 405, 32
1791019006.202322408,2026/10/03 18:16:46.258, 3, NVIDIA GeForce RTX 5060 Ti, 4.92, 0, 0, 2, 210, 405, 28
1791019007.281564880,2026/10/03 18:16:47.319, 0, NVIDIA GeForce RTX 5070 Ti, 89.61, 100, 26, 15194, 2295, 15051, 36
1791019007.281564880,2026/10/03 18:16:47.322, 1, NVIDIA GeForce RTX 5070 Ti, 7.85, 0, 0, 234, 195, 405, 28
1791019007.281564880,2026/10/03 18:16:47.326, 2, NVIDIA GeForce RTX 5070 Ti, 15.53, 0, 0, 2, 195, 405, 32
1791019007.281564880,2026/10/03 18:16:47.337, 3, NVIDIA GeForce RTX 5060 Ti, 4.07, 0, 0, 2, 210, 405, 28
1791019008.357933846,2026/10/03 18:16:48.394, 0, NVIDIA GeForce RTX 5070 Ti, 79.12, 100, 25, 15194, 2295, 15051, 35
1791019008.357933846,2026/10/03 18:16:48.399, 1, NVIDIA GeForce RTX 5070 Ti, 7.82, 0, 0, 234, 187, 405, 28
1791019008.357933846,2026/10/03 18:16:48.403, 2, NVIDIA GeForce RTX 5070 Ti, 15.57, 0, 0, 2, 195, 405, 32
1791019008.357933846,2026/10/03 18:16:48.413, 3, NVIDIA GeForce RTX 5060 Ti, 4.05, 0, 0, 2, 210, 405, 28
1791019009.433156477,2026/10/03 18:16:49.470, 0, NVIDIA GeForce RTX 5070 Ti, 89.78, 100, 26, 15194, 2287, 15051, 37
1791019009.433156477,2026/10/03 18:16:49.473, 1, NVIDIA GeForce RTX 5070 Ti, 7.76, 0, 0, 234, 195, 405, 28
1791019009.433156477,2026/10/03 18:16:49.477, 2, NVIDIA GeForce RTX 5070 Ti, 15.60, 0, 0, 2, 195, 405, 32
1791019009.433156477,2026/10/03 18:16:49.488, 3, NVIDIA GeForce RTX 5060 Ti, 3.99, 0, 0, 2, 210, 405, 28
1791019010.509988402,2026/10/03 18:16:50.547, 0, NVIDIA GeForce RTX 5070 Ti, 76.35, 0, 0, 15208, 2287, 15051, 34
1791019010.509988402,2026/10/03 18:16:50.550, 1, NVIDIA GeForce RTX 5070 Ti, 7.80, 0, 0, 234, 195, 405, 28
1791019010.509988402,2026/10/03 18:16:50.554, 2, NVIDIA GeForce RTX 5070 Ti, 15.76, 0, 0, 2, 195, 405, 32
1791019010.509988402,2026/10/03 18:16:50.564, 3, NVIDIA GeForce RTX 5060 Ti, 4.05, 0, 0, 2, 210, 405, 28
1791019011.584651060,2026/10/03 18:16:51.622, 0, NVIDIA GeForce RTX 5070 Ti, 143.92, 100, 41, 15208, 2295, 15051, 41
1791019011.584651060,2026/10/03 18:16:51.627, 1, NVIDIA GeForce RTX 5070 Ti, 7.84, 0, 0, 234, 195, 405, 28
1791019011.584651060,2026/10/03 18:16:51.630, 2, NVIDIA GeForce RTX 5070 Ti, 15.82, 0, 0, 2, 195, 405, 32
1791019011.584651060,2026/10/03 18:16:51.641, 3, NVIDIA GeForce RTX 5060 Ti, 3.60, 0, 0, 2, 210, 405, 28
1791019012.661400202,2026/10/03 18:16:52.698, 0, NVIDIA GeForce RTX 5070 Ti, 146.37, 100, 52, 15208, 2287, 15051, 41
1791019012.661400202,2026/10/03 18:16:52.701, 1, NVIDIA GeForce RTX 5070 Ti, 7.66, 0, 0, 234, 195, 405, 28
1791019012.661400202,2026/10/03 18:16:52.705, 2, NVIDIA GeForce RTX 5070 Ti, 15.64, 0, 0, 2, 187, 405, 32
1791019012.661400202,2026/10/03 18:16:52.716, 3, NVIDIA GeForce RTX 5060 Ti, 3.62, 0, 0, 2, 210, 405, 28
1791019013.736986947,2026/10/03 18:16:53.774, 0, NVIDIA GeForce RTX 5070 Ti, 133.32, 100, 31, 15208, 2295, 15051, 40
1791019013.736986947,2026/10/03 18:16:53.777, 1, NVIDIA GeForce RTX 5070 Ti, 7.63, 0, 0, 234, 195, 405, 28
1791019013.736986947,2026/10/03 18:16:53.782, 2, NVIDIA GeForce RTX 5070 Ti, 15.66, 0, 0, 2, 195, 405, 32
1791019013.736986947,2026/10/03 18:16:53.792, 3, NVIDIA GeForce RTX 5060 Ti, 3.58, 0, 0, 2, 210, 405, 28
1791019014.813435767,2026/10/03 18:16:54.851, 0, NVIDIA GeForce RTX 5070 Ti, 139.77, 100, 39, 15208, 2287, 15051, 41
1791019014.813435767,2026/10/03 18:16:54.854, 1, NVIDIA GeForce RTX 5070 Ti, 7.59, 0, 0, 234, 195, 405, 28
1791019014.813435767,2026/10/03 18:16:54.858, 2, NVIDIA GeForce RTX 5070 Ti, 15.70, 0, 0, 2, 195, 405, 32
1791019014.813435767,2026/10/03 18:16:54.869, 3, NVIDIA GeForce RTX 5060 Ti, 3.63, 0, 0, 2, 210, 405, 28
1791019015.890610066,2026/10/03 18:16:55.927, 0, NVIDIA GeForce RTX 5070 Ti, 136.80, 85, 25, 15208, 2295, 15051, 40
1791019015.890610066,2026/10/03 18:16:55.931, 1, NVIDIA GeForce RTX 5070 Ti, 7.55, 0, 0, 234, 195, 405, 28
1791019015.890610066,2026/10/03 18:16:55.935, 2, NVIDIA GeForce RTX 5070 Ti, 15.62, 0, 3, 2, 195, 405, 32
1791019015.890610066,2026/10/03 18:16:55.945, 3, NVIDIA GeForce RTX 5060 Ti, 3.64, 0, 0, 2, 210, 405, 28
1791019016.966553725,2026/10/03 18:16:57.003, 0, NVIDIA GeForce RTX 5070 Ti, 59.57, 6, 4, 15208, 2302, 15051, 34
1791019016.966553725,2026/10/03 18:16:57.006, 1, NVIDIA GeForce RTX 5070 Ti, 7.68, 0, 0, 234, 195, 405, 28
1791019016.966553725,2026/10/03 18:16:57.010, 2, NVIDIA GeForce RTX 5070 Ti, 15.77, 0, 0, 2, 195, 405, 32
1791019016.966553725,2026/10/03 18:16:57.020, 3, NVIDIA GeForce RTX 5060 Ti, 3.76, 0, 0, 2, 210, 405, 28
1791019018.039539435,2026/10/03 18:16:58.076, 0, NVIDIA GeForce RTX 5070 Ti, 146.12, 100, 47, 15208, 2295, 15051, 42
1791019018.039539435,2026/10/03 18:16:58.080, 1, NVIDIA GeForce RTX 5070 Ti, 8.03, 0, 0, 234, 195, 405, 28
1791019018.039539435,2026/10/03 18:16:58.084, 2, NVIDIA GeForce RTX 5070 Ti, 15.75, 0, 0, 2, 195, 405, 32
1791019018.039539435,2026/10/03 18:16:58.094, 3, NVIDIA GeForce RTX 5060 Ti, 3.50, 0, 0, 2, 210, 405, 28
1791019019.114967484,2026/10/03 18:16:59.153, 0, NVIDIA GeForce RTX 5070 Ti, 147.19, 100, 52, 15208, 2287, 15051, 42
1791019019.114967484,2026/10/03 18:16:59.157, 1, NVIDIA GeForce RTX 5070 Ti, 7.89, 0, 0, 234, 195, 405, 28
1791019019.114967484,2026/10/03 18:16:59.161, 2, NVIDIA GeForce RTX 5070 Ti, 15.69, 0, 0, 2, 195, 405, 32
1791019019.114967484,2026/10/03 18:16:59.171, 3, NVIDIA GeForce RTX 5060 Ti, 3.61, 0, 0, 2, 210, 405, 28
1791019020.191536719,2026/10/03 18:17:00.228, 0, NVIDIA GeForce RTX 5070 Ti, 131.78, 100, 33, 15208, 2295, 15051, 42
1791019020.191536719,2026/10/03 18:17:00.233, 1, NVIDIA GeForce RTX 5070 Ti, 7.72, 0, 0, 234, 195, 405, 28
1791019020.191536719,2026/10/03 18:17:00.237, 2, NVIDIA GeForce RTX 5070 Ti, 15.65, 0, 0, 2, 195, 405, 32
1791019020.191536719,2026/10/03 18:17:00.248, 3, NVIDIA GeForce RTX 5060 Ti, 3.60, 0, 0, 2, 210, 405, 28
1791019021.268799631,2026/10/03 18:17:01.306, 0, NVIDIA GeForce RTX 5070 Ti, 139.38, 100, 37, 15208, 2295, 15051, 42
1791019021.268799631,2026/10/03 18:17:01.310, 1, NVIDIA GeForce RTX 5070 Ti, 7.63, 0, 0, 234, 195, 405, 28
1791019021.268799631,2026/10/03 18:17:01.314, 2, NVIDIA GeForce RTX 5070 Ti, 15.48, 0, 0, 2, 195, 405, 32
1791019021.268799631,2026/10/03 18:17:01.324, 3, NVIDIA GeForce RTX 5060 Ti, 3.57, 0, 0, 2, 210, 405, 28
1791019022.345897067,2026/10/03 18:17:02.382, 0, NVIDIA GeForce RTX 5070 Ti, 110.29, 98, 37, 15208, 2287, 15051, 38
1791019022.345897067,2026/10/03 18:17:02.384, 1, NVIDIA GeForce RTX 5070 Ti, 7.59, 0, 0, 234, 195, 405, 28
1791019022.345897067,2026/10/03 18:17:02.388, 2, NVIDIA GeForce RTX 5070 Ti, 15.79, 0, 0, 2, 195, 405, 32
1791019022.345897067,2026/10/03 18:17:02.398, 3, NVIDIA GeForce RTX 5060 Ti, 3.53, 0, 0, 2, 210, 405, 28
1791019023.417838665,2026/10/03 18:17:03.455, 0, NVIDIA GeForce RTX 5070 Ti, 80.93, 100, 47, 15208, 2295, 15051, 42
1791019023.417838665,2026/10/03 18:17:03.460, 1, NVIDIA GeForce RTX 5070 Ti, 7.78, 0, 0, 234, 195, 405, 28
1791019023.417838665,2026/10/03 18:17:03.463, 2, NVIDIA GeForce RTX 5070 Ti, 15.74, 0, 0, 2, 195, 405, 32
1791019023.417838665,2026/10/03 18:17:03.476, 3, NVIDIA GeForce RTX 5060 Ti, 3.72, 0, 0, 2, 210, 405, 28
1791019024.495908091,2026/10/03 18:17:04.533, 0, NVIDIA GeForce RTX 5070 Ti, 145.51, 100, 47, 15208, 2295, 15051, 42
1791019024.495908091,2026/10/03 18:17:04.537, 1, NVIDIA GeForce RTX 5070 Ti, 7.84, 0, 0, 234, 195, 405, 28
1791019024.495908091,2026/10/03 18:17:04.541, 2, NVIDIA GeForce RTX 5070 Ti, 15.76, 0, 0, 2, 195, 405, 32
1791019024.495908091,2026/10/03 18:17:04.552, 3, NVIDIA GeForce RTX 5060 Ti, 3.58, 0, 0, 2, 210, 405, 28
1791019025.571365550,2026/10/03 18:17:05.608, 0, NVIDIA GeForce RTX 5070 Ti, 140.14, 100, 34, 15208, 2295, 15051, 41
1791019025.571365550,2026/10/03 18:17:05.613, 1, NVIDIA GeForce RTX 5070 Ti, 7.63, 0, 0, 234, 195, 405, 28
1791019025.571365550,2026/10/03 18:17:05.617, 2, NVIDIA GeForce RTX 5070 Ti, 15.75, 0, 0, 2, 187, 405, 32
1791019025.571365550,2026/10/03 18:17:05.627, 3, NVIDIA GeForce RTX 5060 Ti, 3.48, 0, 0, 2, 210, 405, 28
1791019026.648355452,2026/10/03 18:17:06.685, 0, NVIDIA GeForce RTX 5070 Ti, 138.01, 100, 37, 15208, 2295, 15051, 43
1791019026.648355452,2026/10/03 18:17:06.688, 1, NVIDIA GeForce RTX 5070 Ti, 7.63, 0, 0, 234, 195, 405, 28
1791019026.648355452,2026/10/03 18:17:06.692, 2, NVIDIA GeForce RTX 5070 Ti, 15.73, 0, 0, 2, 195, 405, 32
1791019026.648355452,2026/10/03 18:17:06.702, 3, NVIDIA GeForce RTX 5060 Ti, 3.52, 0, 0, 2, 210, 405, 28
1791019027.722715108,2026/10/03 18:17:07.760, 0, NVIDIA GeForce RTX 5070 Ti, 140.20, 100, 38, 15208, 2295, 15051, 42
1791019027.722715108,2026/10/03 18:17:07.764, 1, NVIDIA GeForce RTX 5070 Ti, 7.58, 0, 0, 234, 195, 405, 28
1791019027.722715108,2026/10/03 18:17:07.768, 2, NVIDIA GeForce RTX 5070 Ti, 15.72, 0, 0, 2, 195, 405, 32
1791019027.722715108,2026/10/03 18:17:07.779, 3, NVIDIA GeForce RTX 5060 Ti, 3.57, 0, 0, 2, 210, 405, 28
1791019028.802630017,2026/10/03 18:17:08.839, 0, NVIDIA GeForce RTX 5070 Ti, 95.17, 100, 24, 15208, 2295, 15051, 39
1791019028.802630017,2026/10/03 18:17:08.843, 1, NVIDIA GeForce RTX 5070 Ti, 7.55, 0, 0, 234, 195, 405, 28
1791019028.802630017,2026/10/03 18:17:08.847, 2, NVIDIA GeForce RTX 5070 Ti, 15.67, 0, 0, 2, 195, 405, 32
1791019028.802630017,2026/10/03 18:17:08.857, 3, NVIDIA GeForce RTX 5060 Ti, 3.69, 0, 0, 2, 210, 405, 28
1791019029.877873758,2026/10/03 18:17:09.914, 0, NVIDIA GeForce RTX 5070 Ti, 90.37, 100, 27, 15208, 2287, 15051, 38
1791019029.877873758,2026/10/03 18:17:09.918, 1, NVIDIA GeForce RTX 5070 Ti, 7.69, 0, 0, 234, 195, 405, 28
1791019029.877873758,2026/10/03 18:17:09.922, 2, NVIDIA GeForce RTX 5070 Ti, 15.62, 0, 0, 2, 195, 405, 32
1791019029.877873758,2026/10/03 18:17:09.933, 3, NVIDIA GeForce RTX 5060 Ti, 3.90, 0, 0, 2, 210, 405, 28
1791019030.953944833,2026/10/03 18:17:10.991, 0, NVIDIA GeForce RTX 5070 Ti, 86.81, 98, 37, 15208, 2280, 15051, 39
1791019030.953944833,2026/10/03 18:17:10.994, 1, NVIDIA GeForce RTX 5070 Ti, 7.73, 0, 0, 234, 195, 405, 28
1791019030.953944833,2026/10/03 18:17:10.998, 2, NVIDIA GeForce RTX 5070 Ti, 15.64, 0, 0, 2, 195, 405, 32
1791019030.953944833,2026/10/03 18:17:11.008, 3, NVIDIA GeForce RTX 5060 Ti, 4.13, 0, 0, 2, 210, 405, 28
1791019032.029657213,2026/10/03 18:17:12.067, 0, NVIDIA GeForce RTX 5070 Ti, 95.94, 99, 34, 15208, 2280, 15051, 39
1791019032.029657213,2026/10/03 18:17:12.070, 1, NVIDIA GeForce RTX 5070 Ti, 7.84, 0, 0, 234, 195, 405, 28
1791019032.029657213,2026/10/03 18:17:12.074, 2, NVIDIA GeForce RTX 5070 Ti, 15.79, 0, 0, 2, 195, 405, 32
1791019032.029657213,2026/10/03 18:17:12.085, 3, NVIDIA GeForce RTX 5060 Ti, 4.17, 0, 0, 2, 210, 405, 28
1791019033.106260039,2026/10/03 18:17:13.145, 0, NVIDIA GeForce RTX 5070 Ti, 102.18, 100, 41, 15208, 2280, 15051, 39
1791019033.106260039,2026/10/03 18:17:13.148, 1, NVIDIA GeForce RTX 5070 Ti, 8.20, 0, 0, 234, 195, 405, 28
1791019033.106260039,2026/10/03 18:17:13.152, 2, NVIDIA GeForce RTX 5070 Ti, 15.98, 0, 0, 2, 195, 405, 32
1791019033.106260039,2026/10/03 18:17:13.163, 3, NVIDIA GeForce RTX 5060 Ti, 4.28, 0, 0, 2, 210, 405, 28
1791019034.183932108,2026/10/03 18:17:14.220, 0, NVIDIA GeForce RTX 5070 Ti, 100.23, 100, 42, 15208, 2280, 15051, 39
1791019034.183932108,2026/10/03 18:17:14.224, 1, NVIDIA GeForce RTX 5070 Ti, 8.18, 0, 0, 234, 195, 405, 28
1791019034.183932108,2026/10/03 18:17:14.228, 2, NVIDIA GeForce RTX 5070 Ti, 16.00, 0, 0, 2, 195, 405, 32
1791019034.183932108,2026/10/03 18:17:14.240, 3, NVIDIA GeForce RTX 5060 Ti, 4.27, 0, 0, 2, 210, 405, 28
1791019035.261443651,2026/10/03 18:17:15.298, 0, NVIDIA GeForce RTX 5070 Ti, 106.26, 99, 44, 15208, 2280, 15051, 40
1791019035.261443651,2026/10/03 18:17:15.302, 1, NVIDIA GeForce RTX 5070 Ti, 8.28, 0, 0, 234, 195, 405, 28
1791019035.261443651,2026/10/03 18:17:15.306, 2, NVIDIA GeForce RTX 5070 Ti, 15.83, 0, 0, 2, 195, 405, 32
1791019035.261443651,2026/10/03 18:17:15.316, 3, NVIDIA GeForce RTX 5060 Ti, 4.28, 0, 0, 2, 210, 405, 28
1791019036.338052697,2026/10/03 18:17:16.375, 0, NVIDIA GeForce RTX 5070 Ti, 104.41, 98, 40, 15208, 2280, 15051, 40
1791019036.338052697,2026/10/03 18:17:16.379, 1, NVIDIA GeForce RTX 5070 Ti, 8.21, 0, 0, 234, 195, 405, 28
1791019036.338052697,2026/10/03 18:17:16.383, 2, NVIDIA GeForce RTX 5070 Ti, 15.88, 0, 0, 2, 195, 405, 32
1791019036.338052697,2026/10/03 18:17:16.393, 3, NVIDIA GeForce RTX 5060 Ti, 4.17, 0, 0, 2, 210, 405, 28
1791019037.415789419,2026/10/03 18:17:17.453, 0, NVIDIA GeForce RTX 5070 Ti, 99.29, 98, 31, 15208, 2280, 15051, 39
1791019037.415789419,2026/10/03 18:17:17.456, 1, NVIDIA GeForce RTX 5070 Ti, 8.20, 0, 0, 234, 195, 405, 28
1791019037.415789419,2026/10/03 18:17:17.460, 2, NVIDIA GeForce RTX 5070 Ti, 16.01, 0, 1, 2, 195, 405, 32
1791019037.415789419,2026/10/03 18:17:17.469, 3, NVIDIA GeForce RTX 5060 Ti, 4.20, 0, 0, 2, 210, 405, 28
1791019038.490573832,2026/10/03 18:17:18.527, 0, NVIDIA GeForce RTX 5070 Ti, 100.70, 97, 41, 15208, 2280, 15051, 39
1791019038.490573832,2026/10/03 18:17:18.531, 1, NVIDIA GeForce RTX 5070 Ti, 8.32, 0, 0, 234, 195, 405, 28
1791019038.490573832,2026/10/03 18:17:18.535, 2, NVIDIA GeForce RTX 5070 Ti, 15.99, 0, 0, 2, 195, 405, 32
1791019038.490573832,2026/10/03 18:17:18.545, 3, NVIDIA GeForce RTX 5060 Ti, 4.21, 0, 0, 2, 210, 405, 28
1791019039.567439398,2026/10/03 18:17:19.604, 0, NVIDIA GeForce RTX 5070 Ti, 99.70, 98, 41, 15208, 2280, 15051, 40
1791019039.567439398,2026/10/03 18:17:19.608, 1, NVIDIA GeForce RTX 5070 Ti, 8.22, 0, 0, 234, 195, 405, 28
1791019039.567439398,2026/10/03 18:17:19.612, 2, NVIDIA GeForce RTX 5070 Ti, 16.02, 0, 1, 2, 195, 405, 32
1791019039.567439398,2026/10/03 18:17:19.622, 3, NVIDIA GeForce RTX 5060 Ti, 4.20, 0, 0, 2, 210, 405, 28
1791019040.643377707,2026/10/03 18:17:20.680, 0, NVIDIA GeForce RTX 5070 Ti, 102.68, 98, 39, 15208, 2280, 15051, 40
1791019040.643377707,2026/10/03 18:17:20.684, 1, NVIDIA GeForce RTX 5070 Ti, 8.17, 0, 0, 234, 195, 405, 28
1791019040.643377707,2026/10/03 18:17:20.688, 2, NVIDIA GeForce RTX 5070 Ti, 15.89, 0, 0, 2, 195, 405, 32
1791019040.643377707,2026/10/03 18:17:20.698, 3, NVIDIA GeForce RTX 5060 Ti, 4.20, 0, 0, 2, 210, 405, 28
1791019041.720705193,2026/10/03 18:17:21.757, 0, NVIDIA GeForce RTX 5070 Ti, 101.62, 99, 40, 15208, 2280, 15051, 40
1791019041.720705193,2026/10/03 18:17:21.761, 1, NVIDIA GeForce RTX 5070 Ti, 8.20, 0, 0, 234, 195, 405, 28
1791019041.720705193,2026/10/03 18:17:21.765, 2, NVIDIA GeForce RTX 5070 Ti, 15.85, 0, 2, 2, 195, 405, 32
1791019041.720705193,2026/10/03 18:17:21.775, 3, NVIDIA GeForce RTX 5060 Ti, 4.23, 0, 0, 2, 210, 405, 28
1791019042.798655943,2026/10/03 18:17:22.836, 0, NVIDIA GeForce RTX 5070 Ti, 98.61, 99, 28, 15208, 2280, 15051, 39
1791019042.798655943,2026/10/03 18:17:22.840, 1, NVIDIA GeForce RTX 5070 Ti, 8.22, 0, 0, 234, 195, 405, 28
1791019042.798655943,2026/10/03 18:17:22.844, 2, NVIDIA GeForce RTX 5070 Ti, 15.87, 0, 1, 2, 195, 405, 32
1791019042.798655943,2026/10/03 18:17:22.855, 3, NVIDIA GeForce RTX 5060 Ti, 4.11, 0, 0, 2, 210, 405, 28
1791019043.875212817,2026/10/03 18:17:23.914, 0, NVIDIA GeForce RTX 5070 Ti, 97.30, 99, 37, 15208, 2280, 15051, 40
1791019043.875212817,2026/10/03 18:17:23.918, 1, NVIDIA GeForce RTX 5070 Ti, 8.17, 0, 0, 234, 195, 405, 28
1791019043.875212817,2026/10/03 18:17:23.922, 2, NVIDIA GeForce RTX 5070 Ti, 16.05, 0, 0, 2, 195, 405, 32
1791019043.875212817,2026/10/03 18:17:23.933, 3, NVIDIA GeForce RTX 5060 Ti, 4.11, 0, 0, 2, 210, 405, 28
1791019044.954284823,2026/10/03 18:17:24.991, 0, NVIDIA GeForce RTX 5070 Ti, 101.03, 98, 40, 15208, 2280, 15051, 40
1791019044.954284823,2026/10/03 18:17:24.995, 1, NVIDIA GeForce RTX 5070 Ti, 8.14, 0, 0, 234, 195, 405, 28
1791019044.954284823,2026/10/03 18:17:24.999, 2, NVIDIA GeForce RTX 5070 Ti, 16.00, 0, 1, 2, 195, 405, 32
1791019044.954284823,2026/10/03 18:17:25.011, 3, NVIDIA GeForce RTX 5060 Ti, 4.18, 0, 0, 2, 210, 405, 28
1791019046.033408370,2026/10/03 18:17:26.070, 0, NVIDIA GeForce RTX 5070 Ti, 96.10, 100, 41, 15208, 2280, 15051, 40
1791019046.033408370,2026/10/03 18:17:26.074, 1, NVIDIA GeForce RTX 5070 Ti, 8.19, 0, 0, 234, 195, 405, 28
1791019046.033408370,2026/10/03 18:17:26.078, 2, NVIDIA GeForce RTX 5070 Ti, 15.95, 0, 0, 2, 195, 405, 32
1791019046.033408370,2026/10/03 18:17:26.088, 3, NVIDIA GeForce RTX 5060 Ti, 4.12, 0, 0, 2, 210, 405, 28
1791019047.110122271,2026/10/03 18:17:27.147, 0, NVIDIA GeForce RTX 5070 Ti, 102.58, 100, 36, 15208, 2280, 15051, 40
1791019047.110122271,2026/10/03 18:17:27.150, 1, NVIDIA GeForce RTX 5070 Ti, 7.99, 0, 0, 234, 195, 405, 28
1791019047.110122271,2026/10/03 18:17:27.154, 2, NVIDIA GeForce RTX 5070 Ti, 15.86, 0, 0, 2, 195, 405, 32
1791019047.110122271,2026/10/03 18:17:27.165, 3, NVIDIA GeForce RTX 5060 Ti, 4.11, 0, 0, 2, 210, 405, 28
1791019048.187165994,2026/10/03 18:17:28.224, 0, NVIDIA GeForce RTX 5070 Ti, 100.50, 100, 40, 15208, 2280, 15051, 40
1791019048.187165994,2026/10/03 18:17:28.227, 1, NVIDIA GeForce RTX 5070 Ti, 8.16, 0, 0, 234, 195, 405, 28
1791019048.187165994,2026/10/03 18:17:28.231, 2, NVIDIA GeForce RTX 5070 Ti, 15.89, 0, 0, 2, 195, 405, 32
1791019048.187165994,2026/10/03 18:17:28.241, 3, NVIDIA GeForce RTX 5060 Ti, 4.20, 0, 0, 2, 210, 405, 28
1791019049.261817672,2026/10/03 18:17:29.299, 0, NVIDIA GeForce RTX 5070 Ti, 100.46, 99, 43, 15208, 2280, 15051, 40
1791019049.261817672,2026/10/03 18:17:29.303, 1, NVIDIA GeForce RTX 5070 Ti, 8.18, 0, 0, 234, 195, 405, 28
1791019049.261817672,2026/10/03 18:17:29.307, 2, NVIDIA GeForce RTX 5070 Ti, 15.89, 0, 0, 2, 195, 405, 32
1791019049.261817672,2026/10/03 18:17:29.322, 3, NVIDIA GeForce RTX 5060 Ti, 4.23, 0, 0, 2, 210, 405, 28
1791019050.343243352,2026/10/03 18:17:30.381, 0, NVIDIA GeForce RTX 5070 Ti, 102.92, 98, 34, 15208, 2280, 15051, 40
1791019050.343243352,2026/10/03 18:17:30.384, 1, NVIDIA GeForce RTX 5070 Ti, 8.10, 0, 0, 234, 195, 405, 28
1791019050.343243352,2026/10/03 18:17:30.388, 2, NVIDIA GeForce RTX 5070 Ti, 15.91, 0, 0, 2, 187, 405, 32
1791019050.343243352,2026/10/03 18:17:30.398, 3, NVIDIA GeForce RTX 5060 Ti, 4.24, 0, 0, 2, 210, 405, 28
1791019051.420749274,2026/10/03 18:17:31.458, 0, NVIDIA GeForce RTX 5070 Ti, 104.02, 98, 46, 15208, 2280, 15051, 40
1791019051.420749274,2026/10/03 18:17:31.461, 1, NVIDIA GeForce RTX 5070 Ti, 8.10, 0, 0, 234, 195, 405, 28
1791019051.420749274,2026/10/03 18:17:31.465, 2, NVIDIA GeForce RTX 5070 Ti, 16.13, 0, 0, 2, 195, 405, 32
1791019051.420749274,2026/10/03 18:17:31.475, 3, NVIDIA GeForce RTX 5060 Ti, 4.11, 0, 0, 2, 210, 405, 28
1791019052.497039538,2026/10/03 18:17:32.534, 0, NVIDIA GeForce RTX 5070 Ti, 101.38, 100, 45, 15208, 2280, 15051, 40
1791019052.497039538,2026/10/03 18:17:32.537, 1, NVIDIA GeForce RTX 5070 Ti, 8.05, 0, 0, 234, 195, 405, 28
1791019052.497039538,2026/10/03 18:17:32.541, 2, NVIDIA GeForce RTX 5070 Ti, 16.03, 0, 0, 2, 195, 405, 32
1791019052.497039538,2026/10/03 18:17:32.552, 3, NVIDIA GeForce RTX 5060 Ti, 4.13, 0, 0, 2, 210, 405, 28
1791019053.573695176,2026/10/03 18:17:33.611, 0, NVIDIA GeForce RTX 5070 Ti, 97.74, 99, 40, 15208, 2280, 15051, 41
1791019053.573695176,2026/10/03 18:17:33.614, 1, NVIDIA GeForce RTX 5070 Ti, 8.22, 0, 0, 234, 195, 405, 28
1791019053.573695176,2026/10/03 18:17:33.618, 2, NVIDIA GeForce RTX 5070 Ti, 16.09, 0, 0, 2, 195, 405, 32
1791019053.573695176,2026/10/03 18:17:33.629, 3, NVIDIA GeForce RTX 5060 Ti, 4.17, 0, 0, 2, 210, 405, 28
1791019054.651056892,2026/10/03 18:17:34.694, 0, NVIDIA GeForce RTX 5070 Ti, 99.21, 99, 32, 15208, 2280, 15051, 40
1791019054.651056892,2026/10/03 18:17:34.697, 1, NVIDIA GeForce RTX 5070 Ti, 8.17, 0, 0, 234, 195, 405, 28
1791019054.651056892,2026/10/03 18:17:34.701, 2, NVIDIA GeForce RTX 5070 Ti, 16.00, 0, 0, 2, 195, 405, 32
1791019054.651056892,2026/10/03 18:17:34.711, 3, NVIDIA GeForce RTX 5060 Ti, 4.08, 0, 0, 2, 210, 405, 28
1791019055.732781915,2026/10/03 18:17:35.770, 0, NVIDIA GeForce RTX 5070 Ti, 101.67, 98, 41, 15208, 2280, 15051, 40
1791019055.732781915,2026/10/03 18:17:35.774, 1, NVIDIA GeForce RTX 5070 Ti, 8.13, 0, 0, 234, 195, 405, 28
1791019055.732781915,2026/10/03 18:17:35.778, 2, NVIDIA GeForce RTX 5070 Ti, 15.91, 0, 0, 2, 195, 405, 32
1791019055.732781915,2026/10/03 18:17:35.788, 3, NVIDIA GeForce RTX 5060 Ti, 4.11, 0, 0, 2, 210, 405, 28
1791019056.809013906,2026/10/03 18:17:36.846, 0, NVIDIA GeForce RTX 5070 Ti, 100.90, 98, 41, 15208, 2280, 15051, 40
1791019056.809013906,2026/10/03 18:17:36.849, 1, NVIDIA GeForce RTX 5070 Ti, 8.13, 0, 0, 234, 195, 405, 28
1791019056.809013906,2026/10/03 18:17:36.853, 2, NVIDIA GeForce RTX 5070 Ti, 15.86, 0, 2, 2, 195, 405, 32
1791019056.809013906,2026/10/03 18:17:36.864, 3, NVIDIA GeForce RTX 5060 Ti, 4.23, 0, 0, 2, 210, 405, 28
1791019057.885834241,2026/10/03 18:17:37.923, 0, NVIDIA GeForce RTX 5070 Ti, 96.78, 98, 39, 15208, 2280, 15051, 40
1791019057.885834241,2026/10/03 18:17:37.926, 1, NVIDIA GeForce RTX 5070 Ti, 8.12, 0, 0, 234, 195, 405, 28
1791019057.885834241,2026/10/03 18:17:37.930, 2, NVIDIA GeForce RTX 5070 Ti, 15.93, 0, 0, 2, 195, 405, 32
1791019057.885834241,2026/10/03 18:17:37.941, 3, NVIDIA GeForce RTX 5060 Ti, 4.20, 0, 0, 2, 202, 405, 28
1791019058.962145765,2026/10/03 18:17:38.999, 0, NVIDIA GeForce RTX 5070 Ti, 100.21, 98, 41, 15208, 2280, 15051, 41
1791019058.962145765,2026/10/03 18:17:39.002, 1, NVIDIA GeForce RTX 5070 Ti, 8.21, 0, 0, 234, 195, 405, 28
1791019058.962145765,2026/10/03 18:17:39.006, 2, NVIDIA GeForce RTX 5070 Ti, 15.98, 0, 0, 2, 195, 405, 32
1791019058.962145765,2026/10/03 18:17:39.016, 3, NVIDIA GeForce RTX 5060 Ti, 4.31, 0, 0, 2, 210, 405, 28
1791019060.038223590,2026/10/03 18:17:40.075, 0, NVIDIA GeForce RTX 5070 Ti, 98.60, 99, 35, 15208, 2280, 15051, 41
1791019060.038223590,2026/10/03 18:17:40.078, 1, NVIDIA GeForce RTX 5070 Ti, 8.29, 0, 0, 234, 195, 405, 28
1791019060.038223590,2026/10/03 18:17:40.082, 2, NVIDIA GeForce RTX 5070 Ti, 16.01, 0, 0, 2, 195, 405, 32
1791019060.038223590,2026/10/03 18:17:40.093, 3, NVIDIA GeForce RTX 5060 Ti, 4.33, 0, 0, 2, 210, 405, 28
1791019061.117315356,2026/10/03 18:17:41.154, 0, NVIDIA GeForce RTX 5070 Ti, 98.54, 98, 43, 15208, 2280, 15051, 40
1791019061.117315356,2026/10/03 18:17:41.157, 1, NVIDIA GeForce RTX 5070 Ti, 8.30, 0, 0, 234, 195, 405, 28
1791019061.117315356,2026/10/03 18:17:41.160, 2, NVIDIA GeForce RTX 5070 Ti, 15.96, 0, 0, 2, 195, 405, 32
1791019061.117315356,2026/10/03 18:17:41.171, 3, NVIDIA GeForce RTX 5060 Ti, 4.28, 0, 0, 2, 210, 405, 28
1791019062.193251505,2026/10/03 18:17:42.234, 0, NVIDIA GeForce RTX 5070 Ti, 104.08, 98, 46, 15208, 2280, 15051, 41
1791019062.193251505,2026/10/03 18:17:42.237, 1, NVIDIA GeForce RTX 5070 Ti, 8.23, 0, 0, 234, 195, 405, 28
1791019062.193251505,2026/10/03 18:17:42.241, 2, NVIDIA GeForce RTX 5070 Ti, 15.95, 0, 0, 2, 195, 405, 32
1791019062.193251505,2026/10/03 18:17:42.252, 3, NVIDIA GeForce RTX 5060 Ti, 4.24, 0, 0, 2, 210, 405, 28
1791019063.272534619,2026/10/03 18:17:43.311, 0, NVIDIA GeForce RTX 5070 Ti, 104.70, 98, 44, 15208, 2280, 15051, 41
1791019063.272534619,2026/10/03 18:17:43.314, 1, NVIDIA GeForce RTX 5070 Ti, 8.17, 0, 0, 234, 195, 405, 28
1791019063.272534619,2026/10/03 18:17:43.318, 2, NVIDIA GeForce RTX 5070 Ti, 16.02, 0, 0, 2, 195, 405, 32
1791019063.272534619,2026/10/03 18:17:43.335, 3, NVIDIA GeForce RTX 5060 Ti, 4.22, 0, 0, 2, 210, 405, 28
1791019064.357550004,2026/10/03 18:17:44.394, 0, NVIDIA GeForce RTX 5070 Ti, 103.71, 98, 44, 15208, 2280, 15051, 41
1791019064.357550004,2026/10/03 18:17:44.397, 1, NVIDIA GeForce RTX 5070 Ti, 8.10, 0, 0, 234, 195, 405, 28
1791019064.357550004,2026/10/03 18:17:44.401, 2, NVIDIA GeForce RTX 5070 Ti, 16.00, 0, 0, 2, 195, 405, 32
1791019064.357550004,2026/10/03 18:17:44.411, 3, NVIDIA GeForce RTX 5060 Ti, 4.20, 0, 0, 2, 202, 405, 28
1791019065.433692751,2026/10/03 18:17:45.471, 0, NVIDIA GeForce RTX 5070 Ti, 104.25, 99, 43, 15208, 2280, 15051, 40
1791019065.433692751,2026/10/03 18:17:45.475, 1, NVIDIA GeForce RTX 5070 Ti, 8.12, 0, 0, 234, 195, 405, 28
1791019065.433692751,2026/10/03 18:17:45.479, 2, NVIDIA GeForce RTX 5070 Ti, 15.97, 0, 0, 2, 195, 405, 32
1791019065.433692751,2026/10/03 18:17:45.489, 3, NVIDIA GeForce RTX 5060 Ti, 4.28, 0, 0, 2, 210, 405, 28
1791019066.511632751,2026/10/03 18:17:46.549, 0, NVIDIA GeForce RTX 5070 Ti, 97.75, 98, 32, 15208, 2280, 15051, 40
1791019066.511632751,2026/10/03 18:17:46.552, 1, NVIDIA GeForce RTX 5070 Ti, 8.21, 0, 0, 234, 195, 405, 28
1791019066.511632751,2026/10/03 18:17:46.556, 2, NVIDIA GeForce RTX 5070 Ti, 16.00, 0, 0, 2, 195, 405, 32
1791019066.511632751,2026/10/03 18:17:46.567, 3, NVIDIA GeForce RTX 5060 Ti, 4.27, 0, 0, 2, 210, 405, 28
1791019067.588803340,2026/10/03 18:17:47.627, 0, NVIDIA GeForce RTX 5070 Ti, 101.75, 98, 44, 15208, 2280, 15051, 41
1791019067.588803340,2026/10/03 18:17:47.630, 1, NVIDIA GeForce RTX 5070 Ti, 8.20, 0, 0, 234, 195, 405, 28
1791019067.588803340,2026/10/03 18:17:47.634, 2, NVIDIA GeForce RTX 5070 Ti, 16.02, 0, 0, 2, 195, 405, 32
1791019067.588803340,2026/10/03 18:17:47.645, 3, NVIDIA GeForce RTX 5060 Ti, 4.30, 0, 0, 2, 210, 405, 28
1791019068.666752910,2026/10/03 18:17:48.703, 0, NVIDIA GeForce RTX 5070 Ti, 98.25, 100, 34, 15208, 2280, 15051, 40
1791019068.666752910,2026/10/03 18:17:48.706, 1, NVIDIA GeForce RTX 5070 Ti, 8.28, 0, 0, 234, 195, 405, 28
1791019068.666752910,2026/10/03 18:17:48.710, 2, NVIDIA GeForce RTX 5070 Ti, 16.07, 0, 0, 2, 195, 405, 32
1791019068.666752910,2026/10/03 18:17:48.720, 3, NVIDIA GeForce RTX 5060 Ti, 4.21, 0, 0, 2, 210, 405, 28
1791019069.742994252,2026/10/03 18:17:49.782, 0, NVIDIA GeForce RTX 5070 Ti, 102.60, 100, 42, 15208, 2280, 15051, 41
1791019069.742994252,2026/10/03 18:17:49.786, 1, NVIDIA GeForce RTX 5070 Ti, 8.07, 0, 0, 234, 195, 405, 28
1791019069.742994252,2026/10/03 18:17:49.790, 2, NVIDIA GeForce RTX 5070 Ti, 16.10, 0, 0, 2, 195, 405, 32
1791019069.742994252,2026/10/03 18:17:49.801, 3, NVIDIA GeForce RTX 5060 Ti, 4.12, 0, 0, 2, 202, 405, 28
1791019070.822583238,2026/10/03 18:17:50.859, 0, NVIDIA GeForce RTX 5070 Ti, 100.98, 100, 39, 15208, 2280, 15051, 41
1791019070.822583238,2026/10/03 18:17:50.863, 1, NVIDIA GeForce RTX 5070 Ti, 8.07, 0, 0, 234, 195, 405, 28
1791019070.822583238,2026/10/03 18:17:50.867, 2, NVIDIA GeForce RTX 5070 Ti, 15.99, 0, 0, 2, 195, 405, 32
1791019070.822583238,2026/10/03 18:17:50.879, 3, NVIDIA GeForce RTX 5060 Ti, 4.18, 0, 0, 2, 210, 405, 28
1791019071.900942875,2026/10/03 18:17:51.938, 0, NVIDIA GeForce RTX 5070 Ti, 102.15, 100, 42, 15208, 2280, 15051, 41
1791019071.900942875,2026/10/03 18:17:51.941, 1, NVIDIA GeForce RTX 5070 Ti, 8.23, 0, 0, 234, 195, 405, 28
1791019071.900942875,2026/10/03 18:17:51.945, 2, NVIDIA GeForce RTX 5070 Ti, 16.02, 0, 0, 2, 195, 405, 32
1791019071.900942875,2026/10/03 18:17:51.956, 3, NVIDIA GeForce RTX 5060 Ti, 4.21, 0, 0, 2, 210, 405, 28
1791019072.979141835,2026/10/03 18:17:53.016, 0, NVIDIA GeForce RTX 5070 Ti, 103.63, 100, 43, 15208, 2280, 15051, 41
1791019072.979141835,2026/10/03 18:17:53.019, 1, NVIDIA GeForce RTX 5070 Ti, 8.31, 0, 0, 234, 195, 405, 28
1791019072.979141835,2026/10/03 18:17:53.023, 2, NVIDIA GeForce RTX 5070 Ti, 16.02, 0, 1, 2, 195, 405, 32
1791019072.979141835,2026/10/03 18:17:53.034, 3, NVIDIA GeForce RTX 5060 Ti, 4.20, 0, 0, 2, 210, 405, 28
1791019074.055532873,2026/10/03 18:17:54.092, 0, NVIDIA GeForce RTX 5070 Ti, 101.81, 98, 43, 15208, 2280, 15051, 41
1791019074.055532873,2026/10/03 18:17:54.096, 1, NVIDIA GeForce RTX 5070 Ti, 8.15, 0, 0, 234, 195, 405, 28
1791019074.055532873,2026/10/03 18:17:54.100, 2, NVIDIA GeForce RTX 5070 Ti, 16.03, 0, 0, 2, 195, 405, 32
1791019074.055532873,2026/10/03 18:17:54.111, 3, NVIDIA GeForce RTX 5060 Ti, 4.18, 0, 0, 2, 210, 405, 29
1791019075.133485993,2026/10/03 18:17:55.170, 0, NVIDIA GeForce RTX 5070 Ti, 99.56, 98, 40, 15208, 2280, 15051, 41
1791019075.133485993,2026/10/03 18:17:55.174, 1, NVIDIA GeForce RTX 5070 Ti, 8.11, 0, 0, 234, 195, 405, 28
1791019075.133485993,2026/10/03 18:17:55.178, 2, NVIDIA GeForce RTX 5070 Ti, 16.01, 0, 0, 2, 195, 405, 32
1791019075.133485993,2026/10/03 18:17:55.188, 3, NVIDIA GeForce RTX 5060 Ti, 4.22, 0, 0, 2, 210, 405, 28
1791019076.212283577,2026/10/03 18:17:56.249, 0, NVIDIA GeForce RTX 5070 Ti, 100.16, 100, 31, 15208, 2280, 15051, 41
1791019076.212283577,2026/10/03 18:17:56.252, 1, NVIDIA GeForce RTX 5070 Ti, 8.12, 0, 0, 234, 195, 405, 28
1791019076.212283577,2026/10/03 18:17:56.256, 2, NVIDIA GeForce RTX 5070 Ti, 16.11, 0, 1, 2, 195, 405, 32
1791019076.212283577,2026/10/03 18:17:56.267, 3, NVIDIA GeForce RTX 5060 Ti, 4.32, 0, 0, 2, 202, 405, 28
1791019077.288858082,2026/10/03 18:17:57.328, 0, NVIDIA GeForce RTX 5070 Ti, 96.47, 99, 35, 15208, 2280, 15051, 41
1791019077.288858082,2026/10/03 18:17:57.332, 1, NVIDIA GeForce RTX 5070 Ti, 8.12, 0, 0, 234, 195, 405, 28
1791019077.288858082,2026/10/03 18:17:57.336, 2, NVIDIA GeForce RTX 5070 Ti, 15.95, 0, 0, 2, 195, 405, 32
1791019077.288858082,2026/10/03 18:17:57.349, 3, NVIDIA GeForce RTX 5060 Ti, 4.31, 0, 0, 2, 210, 405, 29
1791019078.371305814,2026/10/03 18:17:58.408, 0, NVIDIA GeForce RTX 5070 Ti, 96.95, 98, 41, 15208, 2280, 15051, 41
1791019078.371305814,2026/10/03 18:17:58.412, 1, NVIDIA GeForce RTX 5070 Ti, 8.27, 0, 0, 234, 195, 405, 28
1791019078.371305814,2026/10/03 18:17:58.416, 2, NVIDIA GeForce RTX 5070 Ti, 16.03, 0, 2, 2, 195, 405, 32
1791019078.371305814,2026/10/03 18:17:58.428, 3, NVIDIA GeForce RTX 5060 Ti, 4.32, 0, 0, 2, 210, 405, 29
1791019079.449769485,2026/10/03 18:17:59.487, 0, NVIDIA GeForce RTX 5070 Ti, 99.28, 98, 39, 15208, 2280, 15051, 40
1791019079.449769485,2026/10/03 18:17:59.491, 1, NVIDIA GeForce RTX 5070 Ti, 8.13, 0, 0, 234, 195, 405, 28
1791019079.449769485,2026/10/03 18:17:59.495, 2, NVIDIA GeForce RTX 5070 Ti, 16.10, 0, 0, 2, 195, 405, 32
1791019079.449769485,2026/10/03 18:17:59.505, 3, NVIDIA GeForce RTX 5060 Ti, 4.31, 0, 0, 2, 210, 405, 29
1791019080.527093550,2026/10/03 18:18:00.564, 0, NVIDIA GeForce RTX 5070 Ti, 101.86, 100, 46, 15208, 2280, 15051, 41
1791019080.527093550,2026/10/03 18:18:00.568, 1, NVIDIA GeForce RTX 5070 Ti, 8.11, 0, 0, 234, 195, 405, 28
1791019080.527093550,2026/10/03 18:18:00.572, 2, NVIDIA GeForce RTX 5070 Ti, 16.09, 0, 0, 2, 195, 405, 32
1791019080.527093550,2026/10/03 18:18:00.583, 3, NVIDIA GeForce RTX 5060 Ti, 4.19, 0, 0, 2, 210, 405, 28
1791019081.604795501,2026/10/03 18:18:01.642, 0, NVIDIA GeForce RTX 5070 Ti, 98.94, 100, 39, 15208, 2280, 15051, 41
1791019081.604795501,2026/10/03 18:18:01.645, 1, NVIDIA GeForce RTX 5070 Ti, 8.15, 0, 0, 234, 195, 405, 28
1791019081.604795501,2026/10/03 18:18:01.649, 2, NVIDIA GeForce RTX 5070 Ti, 16.07, 0, 0, 2, 195, 405, 31
1791019081.604795501,2026/10/03 18:18:01.660, 3, NVIDIA GeForce RTX 5060 Ti, 4.25, 0, 0, 2, 210, 405, 29
1791019082.681902187,2026/10/03 18:18:02.719, 0, NVIDIA GeForce RTX 5070 Ti, 101.67, 98, 36, 15208, 2280, 15051, 41
1791019082.681902187,2026/10/03 18:18:02.723, 1, NVIDIA GeForce RTX 5070 Ti, 8.39, 0, 0, 234, 195, 405, 28
1791019082.681902187,2026/10/03 18:18:02.726, 2, NVIDIA GeForce RTX 5070 Ti, 16.02, 0, 0, 2, 195, 405, 32
1791019082.681902187,2026/10/03 18:18:02.737, 3, NVIDIA GeForce RTX 5060 Ti, 4.30, 0, 0, 2, 210, 405, 29
1791019083.761321276,2026/10/03 18:18:03.799, 0, NVIDIA GeForce RTX 5070 Ti, 100.95, 98, 43, 15208, 2280, 15051, 40
1791019083.761321276,2026/10/03 18:18:03.803, 1, NVIDIA GeForce RTX 5070 Ti, 8.20, 0, 0, 234, 195, 405, 28
1791019083.761321276,2026/10/03 18:18:03.807, 2, NVIDIA GeForce RTX 5070 Ti, 15.92, 0, 0, 2, 195, 405, 32
1791019083.761321276,2026/10/03 18:18:03.818, 3, NVIDIA GeForce RTX 5060 Ti, 4.28, 0, 0, 2, 210, 405, 29
1791019084.839591749,2026/10/03 18:18:04.879, 0, NVIDIA GeForce RTX 5070 Ti, 96.35, 98, 33, 15208, 2287, 15051, 40
1791019084.839591749,2026/10/03 18:18:04.883, 1, NVIDIA GeForce RTX 5070 Ti, 8.14, 0, 0, 234, 195, 405, 28
1791019084.839591749,2026/10/03 18:18:04.886, 2, NVIDIA GeForce RTX 5070 Ti, 15.83, 0, 0, 2, 195, 405, 31
1791019084.839591749,2026/10/03 18:18:04.897, 3, NVIDIA GeForce RTX 5060 Ti, 4.18, 0, 0, 2, 210, 405, 29
1791019085.918182225,2026/10/03 18:18:05.956, 0, NVIDIA GeForce RTX 5070 Ti, 101.76, 98, 39, 15208, 2280, 15051, 41
1791019085.918182225,2026/10/03 18:18:05.959, 1, NVIDIA GeForce RTX 5070 Ti, 8.20, 0, 0, 234, 195, 405, 28
1791019085.918182225,2026/10/03 18:18:05.963, 2, NVIDIA GeForce RTX 5070 Ti, 15.69, 0, 0, 2, 195, 405, 32
1791019085.918182225,2026/10/03 18:18:05.975, 3, NVIDIA GeForce RTX 5060 Ti, 4.16, 0, 0, 2, 210, 405, 29
1791019086.997666497,2026/10/03 18:18:07.035, 0, NVIDIA GeForce RTX 5070 Ti, 99.63, 99, 38, 15208, 2280, 15051, 41
1791019086.997666497,2026/10/03 18:18:07.038, 1, NVIDIA GeForce RTX 5070 Ti, 8.21, 0, 0, 234, 195, 405, 28
1791019086.997666497,2026/10/03 18:18:07.042, 2, NVIDIA GeForce RTX 5070 Ti, 15.75, 0, 2, 2, 195, 405, 31
1791019086.997666497,2026/10/03 18:18:07.053, 3, NVIDIA GeForce RTX 5060 Ti, 4.16, 0, 0, 2, 210, 405, 29
1791019088.077435121,2026/10/03 18:18:08.113, 0, NVIDIA GeForce RTX 5070 Ti, 97.34, 99, 31, 15208, 2280, 15051, 41
1791019088.077435121,2026/10/03 18:18:08.117, 1, NVIDIA GeForce RTX 5070 Ti, 8.28, 0, 0, 234, 195, 405, 28
1791019088.077435121,2026/10/03 18:18:08.121, 2, NVIDIA GeForce RTX 5070 Ti, 15.86, 0, 0, 2, 195, 405, 31
1791019088.077435121,2026/10/03 18:18:08.131, 3, NVIDIA GeForce RTX 5060 Ti, 4.18, 0, 0, 2, 210, 405, 28
1791019089.152735214,2026/10/03 18:18:09.190, 0, NVIDIA GeForce RTX 5070 Ti, 102.14, 99, 46, 15208, 2280, 15051, 41
1791019089.152735214,2026/10/03 18:18:09.194, 1, NVIDIA GeForce RTX 5070 Ti, 8.27, 0, 0, 234, 195, 405, 28
1791019089.152735214,2026/10/03 18:18:09.197, 2, NVIDIA GeForce RTX 5070 Ti, 15.82, 0, 0, 2, 195, 405, 31
1791019089.152735214,2026/10/03 18:18:09.208, 3, NVIDIA GeForce RTX 5060 Ti, 4.17, 0, 0, 2, 210, 405, 29
1791019090.228822670,2026/10/03 18:18:10.266, 0, NVIDIA GeForce RTX 5070 Ti, 102.24, 98, 40, 15208, 2280, 15051, 41
1791019090.228822670,2026/10/03 18:18:10.269, 1, NVIDIA GeForce RTX 5070 Ti, 8.22, 0, 0, 234, 195, 405, 28
1791019090.228822670,2026/10/03 18:18:10.273, 2, NVIDIA GeForce RTX 5070 Ti, 15.80, 0, 0, 2, 195, 405, 31
1791019090.228822670,2026/10/03 18:18:10.284, 3, NVIDIA GeForce RTX 5060 Ti, 4.18, 0, 0, 2, 210, 405, 29
1791019091.304465348,2026/10/03 18:18:11.342, 0, NVIDIA GeForce RTX 5070 Ti, 52.46, 0, 0, 15208, 2295, 15051, 37
1791019091.304465348,2026/10/03 18:18:11.344, 1, NVIDIA GeForce RTX 5070 Ti, 8.22, 0, 0, 234, 195, 405, 28
1791019091.304465348,2026/10/03 18:18:11.348, 2, NVIDIA GeForce RTX 5070 Ti, 15.81, 0, 0, 2, 195, 405, 31
1791019091.304465348,2026/10/03 18:18:11.364, 3, NVIDIA GeForce RTX 5060 Ti, 4.28, 0, 0, 2, 210, 405, 29
1791019092.385384437,2026/10/03 18:18:12.423, 0, NVIDIA GeForce RTX 5070 Ti, 27.96, 0, 0, 15208, 2295, 15051, 36
1791019092.385384437,2026/10/03 18:18:12.425, 1, NVIDIA GeForce RTX 5070 Ti, 8.07, 0, 0, 234, 195, 405, 28
1791019092.385384437,2026/10/03 18:18:12.429, 2, NVIDIA GeForce RTX 5070 Ti, 15.75, 0, 0, 2, 195, 405, 31
1791019092.385384437,2026/10/03 18:18:12.440, 3, NVIDIA GeForce RTX 5060 Ti, 3.82, 0, 0, 2, 210, 405, 29
1791019093.459913078,2026/10/03 18:18:13.498, 0, NVIDIA GeForce RTX 5070 Ti, 27.94, 0, 0, 15208, 2295, 15051, 36
1791019093.459913078,2026/10/03 18:18:13.500, 1, NVIDIA GeForce RTX 5070 Ti, 8.02, 0, 0, 234, 187, 405, 28
1791019093.459913078,2026/10/03 18:18:13.504, 2, NVIDIA GeForce RTX 5070 Ti, 15.77, 0, 0, 2, 195, 405, 31
1791019093.459913078,2026/10/03 18:18:13.514, 3, NVIDIA GeForce RTX 5060 Ti, 3.34, 0, 0, 2, 210, 405, 29
1791019094.535577017,2026/10/03 18:18:14.573, 0, NVIDIA GeForce RTX 5070 Ti, 28.01, 0, 0, 15208, 2295, 15051, 36
1791019094.535577017,2026/10/03 18:18:14.575, 1, NVIDIA GeForce RTX 5070 Ti, 7.93, 0, 0, 234, 195, 405, 28
1791019094.535577017,2026/10/03 18:18:14.579, 2, NVIDIA GeForce RTX 5070 Ti, 15.77, 0, 0, 2, 195, 405, 31
1791019094.535577017,2026/10/03 18:18:14.590, 3, NVIDIA GeForce RTX 5060 Ti, 3.33, 0, 0, 2, 210, 405, 29
1791019095.609629988,2026/10/03 18:18:15.649, 0, NVIDIA GeForce RTX 5070 Ti, 28.05, 0, 0, 15208, 2295, 15051, 36
1791019095.609629988,2026/10/03 18:18:15.651, 1, NVIDIA GeForce RTX 5070 Ti, 7.89, 0, 0, 234, 195, 405, 28
1791019095.609629988,2026/10/03 18:18:15.655, 2, NVIDIA GeForce RTX 5070 Ti, 15.73, 0, 0, 2, 195, 405, 31
1791019095.609629988,2026/10/03 18:18:15.666, 3, NVIDIA GeForce RTX 5060 Ti, 3.34, 0, 0, 2, 210, 405, 29
1791019096.686556707,2026/10/03 18:18:16.724, 0, NVIDIA GeForce RTX 5070 Ti, 27.85, 0, 0, 15208, 2295, 15051, 36
1791019096.686556707,2026/10/03 18:18:16.726, 1, NVIDIA GeForce RTX 5070 Ti, 7.84, 0, 0, 234, 195, 405, 28
1791019096.686556707,2026/10/03 18:18:16.730, 2, NVIDIA GeForce RTX 5070 Ti, 15.71, 0, 0, 2, 195, 405, 31
1791019096.686556707,2026/10/03 18:18:16.742, 3, NVIDIA GeForce RTX 5060 Ti, 3.35, 0, 0, 2, 210, 405, 29
1791019097.762232125,2026/10/03 18:18:17.799, 0, NVIDIA GeForce RTX 5070 Ti, 27.66, 0, 0, 15208, 2295, 15051, 36
1791019097.762232125,2026/10/03 18:18:17.801, 1, NVIDIA GeForce RTX 5070 Ti, 8.00, 0, 0, 234, 195, 405, 28
1791019097.762232125,2026/10/03 18:18:17.805, 2, NVIDIA GeForce RTX 5070 Ti, 15.76, 0, 0, 2, 195, 405, 31
1791019097.762232125,2026/10/03 18:18:17.816, 3, NVIDIA GeForce RTX 5060 Ti, 3.42, 0, 0, 2, 210, 405, 29
1791019098.836842381,2026/10/03 18:18:18.874, 0, NVIDIA GeForce RTX 5070 Ti, 27.73, 0, 0, 15208, 2295, 15051, 36
1791019098.836842381,2026/10/03 18:18:18.876, 1, NVIDIA GeForce RTX 5070 Ti, 7.96, 0, 0, 234, 195, 405, 28
1791019098.836842381,2026/10/03 18:18:18.880, 2, NVIDIA GeForce RTX 5070 Ti, 15.67, 0, 0, 2, 195, 405, 31
1791019098.836842381,2026/10/03 18:18:18.891, 3, NVIDIA GeForce RTX 5060 Ti, 3.38, 0, 0, 2, 210, 405, 29
1791019099.911274169,2026/10/03 18:18:19.949, 0, NVIDIA GeForce RTX 5070 Ti, 28.06, 0, 0, 15208, 2295, 15051, 36
1791019099.911274169,2026/10/03 18:18:19.951, 1, NVIDIA GeForce RTX 5070 Ti, 7.97, 0, 0, 234, 195, 405, 28
1791019099.911274169,2026/10/03 18:18:19.955, 2, NVIDIA GeForce RTX 5070 Ti, 15.68, 0, 0, 2, 195, 405, 31
1791019099.911274169,2026/10/03 18:18:19.967, 3, NVIDIA GeForce RTX 5060 Ti, 3.36, 0, 0, 2, 210, 405, 29
1791019100.988864495,2026/10/03 18:18:21.026, 0, NVIDIA GeForce RTX 5070 Ti, 27.85, 0, 0, 15208, 2295, 15051, 36
1791019100.988864495,2026/10/03 18:18:21.029, 1, NVIDIA GeForce RTX 5070 Ti, 8.01, 0, 0, 234, 195, 405, 28
1791019100.988864495,2026/10/03 18:18:21.033, 2, NVIDIA GeForce RTX 5070 Ti, 15.65, 0, 0, 2, 195, 405, 31
1791019100.988864495,2026/10/03 18:18:21.044, 3, NVIDIA GeForce RTX 5060 Ti, 3.37, 0, 0, 2, 210, 405, 29
1791019102.064968330,2026/10/03 18:18:22.102, 0, NVIDIA GeForce RTX 5070 Ti, 28.00, 0, 0, 15208, 2295, 15051, 36
1791019102.064968330,2026/10/03 18:18:22.104, 1, NVIDIA GeForce RTX 5070 Ti, 8.04, 0, 0, 234, 195, 405, 28
1791019102.064968330,2026/10/03 18:18:22.108, 2, NVIDIA GeForce RTX 5070 Ti, 15.74, 0, 0, 2, 195, 405, 31
1791019102.064968330,2026/10/03 18:18:22.118, 3, NVIDIA GeForce RTX 5060 Ti, 3.36, 0, 0, 2, 210, 405, 29
1791019103.139609118,2026/10/03 18:18:23.177, 0, NVIDIA GeForce RTX 5070 Ti, 27.91, 0, 0, 15208, 2295, 15051, 36
1791019103.139609118,2026/10/03 18:18:23.179, 1, NVIDIA GeForce RTX 5070 Ti, 8.03, 0, 0, 234, 195, 405, 28
1791019103.139609118,2026/10/03 18:18:23.183, 2, NVIDIA GeForce RTX 5070 Ti, 15.83, 0, 1, 2, 195, 405, 31
1791019103.139609118,2026/10/03 18:18:23.194, 3, NVIDIA GeForce RTX 5060 Ti, 3.34, 0, 0, 2, 210, 405, 29
1791019104.215440982,2026/10/03 18:18:24.254, 0, NVIDIA GeForce RTX 5070 Ti, 27.88, 0, 0, 15208, 2295, 15051, 36
1791019104.215440982,2026/10/03 18:18:24.256, 1, NVIDIA GeForce RTX 5070 Ti, 8.01, 0, 0, 234, 195, 405, 28
1791019104.215440982,2026/10/03 18:18:24.260, 2, NVIDIA GeForce RTX 5070 Ti, 15.86, 0, 1, 2, 195, 405, 31
1791019104.215440982,2026/10/03 18:18:24.270, 3, NVIDIA GeForce RTX 5060 Ti, 3.35, 0, 0, 2, 210, 405, 29
1791019105.291702883,2026/10/03 18:18:25.329, 0, NVIDIA GeForce RTX 5070 Ti, 27.76, 0, 0, 15208, 2295, 15051, 35
1791019105.291702883,2026/10/03 18:18:25.331, 1, NVIDIA GeForce RTX 5070 Ti, 8.00, 0, 0, 234, 195, 405, 28
1791019105.291702883,2026/10/03 18:18:25.335, 2, NVIDIA GeForce RTX 5070 Ti, 15.83, 0, 0, 2, 195, 405, 31
1791019105.291702883,2026/10/03 18:18:25.346, 3, NVIDIA GeForce RTX 5060 Ti, 3.38, 0, 0, 2, 210, 405, 29
1791019106.367082700,2026/10/03 18:18:26.404, 0, NVIDIA GeForce RTX 5070 Ti, 27.75, 0, 0, 15208, 2295, 15051, 35
1791019106.367082700,2026/10/03 18:18:26.406, 1, NVIDIA GeForce RTX 5070 Ti, 8.02, 0, 0, 234, 187, 405, 28
1791019106.367082700,2026/10/03 18:18:26.410, 2, NVIDIA GeForce RTX 5070 Ti, 15.96, 0, 0, 2, 195, 405, 31
1791019106.367082700,2026/10/03 18:18:26.421, 3, NVIDIA GeForce RTX 5060 Ti, 3.45, 0, 0, 2, 210, 405, 29
1791019107.441939244,2026/10/03 18:18:27.481, 0, NVIDIA GeForce RTX 5070 Ti, 22.99, 0, 0, 15208, 412, 810, 35
1791019107.441939244,2026/10/03 18:18:27.486, 1, NVIDIA GeForce RTX 5070 Ti, 8.07, 0, 0, 234, 195, 405, 28
1791019107.441939244,2026/10/03 18:18:27.490, 2, NVIDIA GeForce RTX 5070 Ti, 15.91, 0, 2, 2, 195, 405, 31
1791019107.441939244,2026/10/03 18:18:27.501, 3, NVIDIA GeForce RTX 5060 Ti, 3.39, 0, 0, 2, 210, 405, 29
